tahun,sub_holding,sub_holding_original,unit_operasi,wilayah_kerja,luasan_offsite_ha,luasan_overlap_ha,luasan_total_ha,location_adjacent,location_overlapped,biodiversity_score,biodiversity_category,fauna_names,fauna_released_count,flora_names
2023,SH Downstream,SH R&P,GRR Tuban,,,,,,,,,,,
2023,SH Downstream,SH C&T,MOR I,,,,,,,,,,,
2023,SH Downstream,SH C&T,MOR II,,,,,,,,,,,
2023,SH Downstream,SH C&T,MOR III,,,,,,,,,,,
2023,SH Downstream,SH C&T,MOR IV,,,,,,,,,,,
2023,SH Downstream,SH C&T,MOR V,,,,,,,,,,,
2023,SH Downstream,SH C&T,MOR VI,,,,,,,,,,,
2023,SH Downstream,SH C&T,MOR VII,,,,,,,,,,,
2023,SH Downstream,SH C&T,MOR VIII,,,,,,,,,,,
2023,SH Downstream,SH R&P,PT KPB,,,,,,,,,,,
2023,SH Downstream,SH IML,PT PIS,,,,,,,,,,,
2023,SH Downstream,SH IML,PT PTK,,,,,,,,,,,
2023,SH Downstream,SH C&T,PTPL,,,,,,,,,,,
2023,SH Downstream,SH C&T,PTPN,,,,,,,,,,,
2023,SH Downstream,SH C&T,PTPR,,,,,,,,,,,
2023,SH Downstream,SH IML,Pertamina Energy Terminal,,,,,,,,,,,
2023,SH Downstream,SH C&T,Project,,,,,,,,,,,
2023,SH Downstream,SH R&P,RCC Blgn,,,,,,,,,,,
2023,SH Downstream,SH R&P,RDMP Blgn,,,,,,,,,,,
2023,SH Downstream,SH R&P,RDMP Clcp,,,,,,,,,,,
2023,SH Downstream,SH R&P,RU II Dumai,,,,70.45,,no,3.62,Tinggi,"Rusa Sambar (Cervus unicolor), Rusa Totol (Axis axis), Elang Laut Perut Putih (Haliaeetus Leucogaster), Elang Ular Bido (Spilornis cheela), Kangkareng Perut Putih (Anthracoceros albirostis)",,"Shorea platyclados, Aquilaria Malaccensis, Nephentes Ampullaria, Dipterocarpus cinerus, Eusideroxylon zwageri, Syzygium zeylanicum"
2023,SH Downstream,SH R&P,RU II SPK,,,,26,,no,3,Sedang,"Jumlah Fauna = 404 Individu
Fauna yang dilindungi=
1. Sinpai Hitam Sumatra (Presbytis melalophos)Status IUCN : Endangered(EN)
2. Jalak Kerbau (Acridotheres javanicus), Status IUCN : Vulnerable(VU)

3. Monyet Ekor Panjang (Macaca fascicularis) Status IUCN : Endangered(EN)
4. Lutung Kelabu (Trachypithecus cristatus) Status IUCN : Vulnerable(VU)",,"Jumlah Flora = 1764 batang
Flora yang dilindungi
1. Critically Endangered (CR) yaitu gaharu (Aquilaria malaccensis)
2. Critically Endangered (CR) yaitu kantong semar sumatera (Nepenthes sumatrana)
3. Endangered (EN) meranti (Shorea pauciflora)
4. Vulnerable(VU) belangeran (Shorea balangeran)
5. Vulnerable(VU) kantong semar spektabilis (Nepenthes spectabilis)"
2023,SH Downstream,SH R&P,RU III,,,,7570.49,,no,2.921,Sedang,"Jumlah Fauna: 92 jenis

1. Burung : 44 Jenis
2. Mamalia : 8 jenis
3. Herpetofauna : 10 Jenis
4. Capung : 12 Jenis
5. Kupu-Kupu : 15 Jenis
6. Ikan: 3 Jenis

Fauna yang dlindungi:
1 Rusa Sambar (Cervus unicolor), Status IUCN: Vulnerable (VU)
2. Gajah Sumatera (Elephas maximus sumatranus), Status IUCN: Critically Endangered (CR)
3. Belida juvenile/dewasa (Chitala lopis), Status IUCN: Extinct (EX)
4. Belida benih/anakan (Chitala lopis), Status IUCN: Extinct (EX)
5. Monyet Ekor Panjang (Macaca fascicularis), Status IUCN: Endangered (EN)
6. Lutung Kelabu (Trachypithecus cristatus), Status IUCN: Critically Endangered (CR)
7. Putak (Notopterus notopterus), Status PP 106.2018 : Dilindungi",,"Jumlah Flora: 139 Jenis

Akasia daun kecil, Albasia, Nangka, Belimbing, Nyamplung, Kelapa, Andong, Kelapa sawit, Jambu air, Beringin, Kalpataru, Melinjo, Mangga, Mindi, Tanjung, Rambutan, Talok, Kecrutan, Mahoni daun besar, Mahoni, Kedondong hutan, Salam, Nasi-nasi, Asam jawa, Ketapang kencana, Akasia daun kecil, Akasia daun lebar, Akasia pesisir, Saga, Pulai, Jambu mete, Srikaya, Cemara norflok, Cemara udang, Pinang, Sukun, Nangka, Belimbing wuluh, Belimbing, Menteng, Bambu kuning, Palem bangsawan, Nyamplung, Kenanga, Trengguli, Cemara kipas, Cemara udang, Batang unglen, Randu, Bintaro, Jeruk, Kelapa, Kelapa gading, Kanon, Cemara pensil, Pakis haji, Palem pucuk merah, Flamboyan, Kelengkeng, Durian, Kelapa sawit, Elaeocarpus floribundus, Dadap, Jambu air, Tembesu, Beringin, Karet kebo, Kimeng, Awar-awar, Ficus, Ficus sp., Kray payung, Melinjo, Waru landak, Kalpataru, Merbau, Cemara Pinsil, Bungur, Petai cina, Melanding, Krangean, Mangga, Kweni, Sawo, Mindi, Tanjung, Mengkudu, Kelor, Talok, Salam koja, Nusa indah, Rambutan, Palem, Kluwek, Alpukat, Ceremai, Cemara, Pinus merkusii, Asem londo, Kamboja, Glodogan tiang, Matoa, Jambu biji, Angsana, Bayur, Palem jepang, Jarak, Palem putri, Trembesi, Leunca, Kecrutan, Kedondong, Kepuh, Serut, Mahoni daun besar, Mahoni, Duwet, Jambu bol, Pucuk merah, Salam, Syzgium sp., Nasi-nasi, Tabebuya, Asem, Jati, Ketapang besar, Ketapang kencana, Kakao, Palem ekor tupai, Bakau, Api-Api, Tanjang, Flickingeria sp., Pholidota sp., Anggrek bulan Sumatra, Pisang-pisang laut, Rhizophora mucronata, Rhizophora stylosa, Rhizophora apiculata."
2023,SH Downstream,SH R&P,RU IV,,,,4001.85,,no,3.665,Tinggi,"Jumlah Fauna : 104 Jenis
Aves : 89 jenis
Mamalia : 8 jenis
Herpetofauna : 7 jenis (5 reptil dan 2 amphibi)

Daftar Fauna yang dilindungi
Penangkaran Fauna dilindungi :
1. Rusa Timor (Cervus timorensis); IUCN Redlist : VU
2. Merak Hijau (Pavo muticus); IUCN Redlist : EN
3. Merak Biru (Pavo cristatus); IUCN Redlist : LC
Fauna di Kawasan yang dilindungi :
Aves (dilindungi PermenLHK Nomor P.106 Tahun 2018):
1. Alap-alap capung (Microhierax fringillarius); IUCN Redlist : LC
2. Bangau bluwok (Mycteria cinerea); IUCN Redlist : EN
3. Bangau sandang-lawe (Ciconia episcopus); IUCN Redlist : VU
4. Bangau tongtong (Leptoptilos javanicus); IUCN Redlist : VU
5. Bubut jawa (Centropus nigrorufus); IUCN Redlist : VU
6. Bubut-pacar jambul (Clamator coromandus); IUCN Redlist : LC
7. Cangak besar (Ardea alba); IUCN Redlist : LC
8. Cangak laut (Ardea sumatrana); IUCN Redlist : LC
9. Cerek jawa (Charadrius javanicus); IUCN Redlist : NT
10. Cerek tilil (Charadrius alexandrinus); IUCN Redlist : LC
11. Dara-laut putih (Gygis alba); IUCN Redlist : LC
12. Dara-laut tengkuk-hitam (Sterna sumatrana); IUCN Redlist : LC
13. Elang tiram (Pandion haliaetus); IUCN Redlist : LC
14. Elang-laut perut-putih (Haliaeetus leucogaster); IUCN Redlist : LC
15. Elang-ular bido (Spilornis cheela); IUCN Redlist : LC
16. Gagang-bayam belang (Himantopus himantopus); IUCN Redlist : LC
17. Gajahan erasia (Numenius arquata); IUCN Redlist : NT
18. Gajahan penggala (Numenius phaeopus); IUCN Redlist : LC
19. Gajahan timur (Numenius madagascariensis); IUCN Redlist : EN
20. Kipasan belang (Rhipidura javanica); IUCN Redlist : LC
21. Pecuk-ular asia (Anhinga melanogaster); IUCN Redlist : NT
22. Tangkar centrong (Crypsirina temia); IUCN Redlist : LC
Mamalia :
1. Lutung Jawa (Trachypithecus auratus); IUCN Redlist : VU
2. Kucing Bakau (Prionailurus vivercinus); IUCN Redlist : EN
3. Monyet Ekor Panjang (Macaca fascicularis); IUCN Redlist : EN
4. Berang-berang Cakar Kecil (Aonyx cinereus); IUCN Redlist : VU",,"Jumlah Flora : 62 Jenis
Daftar Flora yang dilindungi :
1. Merbau (Intsia bijuga (Colebr.) Kuntze); IUCN Redlist : NT
2. Jati (Tectona grandis L.f.); IUCN Redlist : EN
3. Gedangan (Aegiceras floridum Roemer & Schultes); IUCN Redlist : NT
4. Kenyangnyong (Ceriops decandra (Griff.) W.Theob.); IUCN Redlist : NT
5. Jeruju Putih (Acanthus ebracteatus Vahl); IUCN Redlist : LC
6. Drujon (Acanthus ilicifolius L.); IUCN Redlist : LC
7. Api-api (Avicennia alba Blume); IUCN Redlist : LC
8. Api-api daun lebar (Avicennia officinalis L.); IUCN Redlist : LC
9. Bintaro (Cerbera manghas L.); IUCN Redlist : LC
10. Gebang (Corypha utan Lam.); IUCN Redlist : LC
11. Nipah (Nypa fruticans Wurmb); IUCN Redlist : LC
12. Kayu Jaran (Dolichandrone spathacea (L.f.) K.Schum.); IUCN Redlist : LC
13. Ketapang (Terminalia catappa L.); IUCN Redlist : LC
14. Katang katang (Ipomoea pes-caprae (Linnaeus) R. Brown, 1816); IUCN Redlist : LC
15. Mensiang (Actinoscirpus grossus (L.f.) Goetgh. & D.A.Simpson) ; IUCN Redlist : LC
16. Buta-buta (Actinoscirpus grossus (L.f.) Goetgh. & D.A.Simpson); IUCN Redlist : LC
17. Akasia (Acacia mangium Willd.); IUCN Redlist : LC
18. Nam nam Laut (Cynometra iripa Kostel.); IUCN Redlist : LC
19. Laban (Vitex pinnata L.); IUCN Redlist : LC
20. Bogem Prapat (Sonneratia alba Sm.); IUCN Redlist : LC
21. Bogem Pidada (Sonneratia caseolaris (L.) Engler); IUCN Redlist : LC
22. Dungun Laut (Heritiera littoralis Aiton); IUCN Redlist : LC
23. Waru Laut (Hibiscus tiliaceus L.); IUCN Redlist : LC
24. Nyirih (Xylocarpus granatum J.Koenig); IUCN Redlist : LC
25. Nyuruh (Xylocarpus moluccensis (Lam.) M.Roem.); IUCN Redlist : LC
26. Kayu Putih (Melaleuca leucadendra L.); IUCN Redlist : DD
27. Gedangan (Aegiceras corniculatum (L.) Blanco); IUCN Redlist : LC
28. Krakas (Acrostichum aureum L.); IUCN Redlist : LC
29. Paku Laut (Acrostichum speciosum Wild.); IUCN Redlist : LC
30. Tancang Putih (Bruguiera cylindrica (L.) Blume); IUCN Redlist : LC
31. Tancang Merah (Bruguiera gymnorhiza (L.) Lam.); IUCN Redlist : LC
32. Lenggadai (Bruguiera parviflora (Roxb.) Wight & Arn. ex Griff.); IUCN Redlist : LC
33. Tancang Sukun (Bruguiera sexangula (Lour.) Poir.); IUCN Redlist : LC
34. Tingi (Ceriops tagal (Perr.) C.B. Robinson); IUCN Redlist : LC
35. Bakau Kacang (Rhizophora apiculata Blume); IUCN Redlist : LC
36. Bakau Bandul (Rhizophora mucronata Poir.); IUCN Redlist : LC
37. Duduk Rambat (Scyphiphora hydrophylacea C.F.Gaertn.); IUCN Redlist : LC
38. Limau Lelang (Merope angulata (Willd.) Swingle); IUCN Redlist : LC
39. Pecut Kuda (Stachytarpheta jamaicensis (L.) Vahl); IUCN Redlist : LC"
2023,SH Downstream,SH R&P,RU V,,,,45,,no,2.51,Sedang,"Fauna :
Jumlah burung 24 Jenis
Daftra Fauna yang dilindungi
1. Bondol rawa (Lonchura malacca) – LC (Redlist_IUCN)
2. Cabai bunga (Dicaeum trigonostigma) – LC (Redlist_IUCN)
3. Cabai panggul api (Dicaeum celebicum) – LC (Redlist_IUCN)
4. Cekaka suci (Todiramphus sanctus) – LC (Redlist_IUCN)
5. Celepuk reban (Otus lempiji) – LC (Redlist_IUCN)
6. Cinene kelabu (Orthotomus ruficeps) – LC (Redlist_IUCN)
7. Cucak kutilang (Orthotomus ruficeps) – LC (Redlist_IUCN)
8. Elang bondol (Haliastur indus) – LC (Redlist_IUCN)
9. Gagak hutan (Corvus enca) – LC (Redlist_IUCN)
10. Kareo padi (Amaurornis phoenicurus) – LC (Redlist_IUCN)
11. Kepudang kuduk (Oriolus chinensis) – LC (Redlist_IUCN)
12. Kerak kerbau (Acridotheres javanicus) – LC (Redlist_IUCN)
13. Layang -layang rumah ( Delichon dasypus) – LC (Redlist_IUCN)
14. Merbah belukar (Pycnonotus plumosus) – LC (Redlist_IUCN)
15. Merbah cerukcuk (Pycnonotus goiavier) – LC (Redlist_IUCN)
16. Perkutu jawa (Geopelia striata) – LC (Redlist_IUCN)
17. Punai gading (Treron vernans) – LC (Redlist_IUCN)
18. Remetuk laut (Gerygone sulphurea) – LC (Redlist_IUCN)
19. Tekukur biasa (Spilopelia chinensis) – LC (Redlist_IUCN)
20. Tepus tungir merah (Stachyris maculata) – NT (Redlist_IUCN)
21. Walet sapi (Collocalia esculenta) – LC (Redlist_IUCN)
22. Wiwik kelabu (Cacomantis merulinus) – LC (Redlist_IUCN)
23. Elang perut putih (Haliaeetus leucogaster) – LC (Redlist_IUCN)

Jumlah mamalia 6 jenis
Daftar mamalia yang dilindungi
1. Musang (Paradoxurus hermaphroditus) – LC (Redlist_IUCN)
2. Bajing kelapa (Callosciurus notatus) – LC (Redlist_IUCN)
3. Monyet ekor Panjang ( macaca fascicularis) – LC (Redlist_IUCN)
4. Tikus belukar (Rattus tiomanicus) – LC (Redlist_IUCN)
5. Tupai (Tupaia javanica) – LC (Redlist_IUCN)
6. Tupai kecil (Tupaia minor) – LC (Redlist_IUCN)

Jumlah herpetofauna 5 jenis
Daftar Herpetofauna yang dilindungi
1. Kodok Budug (Bufo melanostictus) – LC (Redlist_IUCN)
2. Kadal sawah (Eutropis multifasciata) – LC (Redlist_IUCN)
3. Biawak (Varanus Salvator) – LC (Redlist_IUCN)
4. Sanca batik (Malayopython reticulatus) – LC (Redlist_IUCN)
5. Katak pohon bergaris (Polypedates leucomystax) – LC (Redlist_IUCN)",,"Jumlah Flora 91 Jenis
Daftar Flora yang dilindungi
1. Akasia ( Acacia auriculiformis) – LC (Redlist_IUCN)
2. Jambu mete (Anacardium occidentale) – LC (Redlist_IUCN)
3. Jengkol hutan (Archidendron microcarpum) -LC (Redlist_IUCN)
4. Cempedak (Artocarpus integer) – LC (Redlist_IUCN)
5. Keledang (Keledang) – LC (Redlist_IUCN)
6. Simun (Bhesa robusta) – LC (Redlist_IUCN)
7. Nyamblung (Calophyllum inophyllum) – LC (Redlist_IUCN)
8. Damar lilin (Canarium pilosum) – LC (Redlist_IUCN)
9. Kayu Arang (Diospyros sumatrana) – LC (Redlist_IUCN)
10. Durian Antu (Durio acutifolius) – VU (Redlist_IUCN)
11. Endospermum diadenum – LC (Redlist_IUCN)
12. Beringin (Ficus benjamina) – LC (Redlist_IUCN)
13. Gondang Putih (Ficus variegata) – LC (Redlist_IUCN)
14. Merwan (Hopea sp) – EN(Redlist_IUCN)
15. Nibung Plam (oncosperma tigillarium) – LC (Redlist_IUCN)
16. laying -layang (Parishia insignis) – LC (Redlist_IUCN)
17. Pinus merkusii (Pinus) – VU (Redlist_IUCN)
18. Nipis Kulit (Pternandra rostrata) – LC (Redlist_IUCN)
19. Angsana (Pterocarpus indicus) – VU (Redlist_IUCN)
20. Puspa (Schima wallichii) – LC (Redlist_IUCN)
21. Kahoi (Shorea balangeran) – VU (Redlist_IUCN)
22. Sindur (Sindora wallichii) – LC (Redlist_IUCN)
23. Mahoni (Swietenia mahagoni) – NT (Redlist_IUCN)
24. Jambu-Jambuan (Syzygium sp) – LC (Redlist_IUCN)
25. Jambu (Syzygium tawahense) – LC (Redlist_IUCN)
26. Resak (Vatica umbonata) – LC (Redlist_IUCN)
27. Laban (Vitex pinnata) – LC (Redlist_IUCN)
28. Meranti (Shorea spp) – LC (Redlist_IUCN)
29. Ulin ( Eudoroxylon zwagerii) – VU (Redlist_IUCN)"
2023,SH Downstream,SH R&P,RU VI,,,,20.6,,no,3.12,Tinggi,"Mamalia:
1.Cervus timorrensis (Rusa Jawa)
2.Herpestes javanicus (Garangan jawa)
3.Paradoxurus hermaphroditus (Musang luwak)
Reptilia:
1.Hemidactylus frenatus (Cecak Kayu)
2.Gekko gecko (Tokek Rumah)
3.Eutropis multifasciata (Kadal Kebun)
4.Eutropis rudis (Kadal Seresah Cokelat)
5.Takydromus sexlineatus (Kadal Rumput)
6.Dendrelaphis pictus (Ular Tali Picis)
7.Varanus salvator (Biawak Air Asia)
8.Bronchocela jubata (Bunglon surai)
9.Calotes versicolor (Bunglon taman)
10.Cyrtodactylus marmoratus (Cecak Batu)
11.Hemidactylus frenatus (Cecak Kayu)
12.Gekko gecko (Tokek Rumah)
13.Eutropis multifasciata (Kadal Kebun)
14.Eutropis rudis (Kadal Seresah Cokelat)
15.Takydromus sexlineatus (Kadal Rumput)
16.Ptyas korros (Ular Jali)
17.Xenochrophis vittatus (Ular Kisik)
18.Coelognathus radiata (Ular Sapi)
18.Dendrelaphis pictus (Ular Tali Picis)
20.Indotyphlops braminus (Ular Kawat)
21.Naja sputatrix (Ular Sendok)
22.Bronchocela jubata (Bunglon surai)
23.Calotes versicolor (Bunglon taman)
24.Cyrtodactylus marmoratus (Cecak Batu)
25.Hemidactylus frenatus (Cecak Kayu)
26.Eutropis multifasciata (Kadal Kebun)
27.Eutropis rudis (Kadal Seresah Cokelat)
28.Takydromus sexlineatus (Kadal Rumput)
29.Indotyphlops braminus (Ular Kawat)
30.Naja sputatrix (Ular Sendok)
31.Dendrelaphis pictus (Ular Tali Picis)
Amphibi:
1.Polypedates leucomystax (Katak Pohon Bergaris)
2.Fejervarya limnochaaris (Katak Tegalan)
3.Duttaphrynus melanostictus (Kodok Buduk)
4.Kaloula baleata (Belentuk)
5.Polypedates leucomystax (Katak Pohon Bergaris)
6.Fejervarya cancrivora (Katak Sawah)
7.Fejervarya limnochaaris (Katak Tegalan)
8.Duttaphrynus melanostictus (Kodok Buduk)",,"Polyalthia longifolia (Sonn.) Thwaites (Glodokan tiang)
Annona reticulata L. ( Manoa)
Stelechocarpus burahol Hook. F. & Thomson (Kepel)
Syzygium polycephaloides (C.B.Rob.) Merr. (Kupa/Gowok)
Inocarpus fagifer (Parkinson & Zollinger) Fosberg (Gayam)
Cynometra ramiflora L. (Kupa anjing)
Diospyros blancoi A.DC. (Bisbul)
Canarium indicum L. (Kenari)
Syzygium cumini L. (Duwet)
Manilkara achras (Mill.) Fosberg (Sawo manila)
Pouteria camphechiana H.B & K. (Campole)
Sterculia foetida L. (Kepuh)
Sandoricum koetjape (Burm. F. ) Merr. (Kecapi)
Antidesma bunius (L.) Spreng. (Buni)
Phyllanthus acidus (L.) Skeels (Cereme)
Averrhoa bilimbi L. (Belimbing wuluh)
Schleichera oleosa (Lour.) Oken (Kesambi)
Cerbera manghas L. (Bintaro)
Flacourtia rukam Zoll. & Mor. (Rukem)
Calophyllum inophyllum L. (Nyamplung)
Artocarpus elasticus Reinw. Ex BI. (Benda)
Calophyllum inophyllum L (Nyamplung)
Calophyllum soulattri Burman f, Fl. (Bintangur)
Garcinia porrecta Laness (Manggis hutan)
Canarium asperum Benth. (Kenari solo)
Cynometra cauliflora L. (Namnam)
Diospyros cauliflora BI.(Kayu hitam)
Diospyros celebica Bakh (Eboni)
Diospyros malabarica (Desr.) Kostel (Culiket)
Intsia bijuga (Colebr) O. Kuntze (Merbau)
Sindora veluntina Baker (Sindur)
Pangium edule Reinw. (Kepayang)
Shorea guiso (Blanco) BI. (Meranti hitam)
Shorea pinanga Scheff (Tengkawang)
Vatica pauciflora BI. (Resak rawa)
Hopea odorata Roxb. (Merawan)
Intsia bijuga (Colebr) O. Kuntze (Durian namlung)
Intsia bijuga (Colebr) O. Kuntze (Durian karatungan)
Calophyllum inophyllum L. (Tampoi )
Calophyllum inophyllum L. (Durian Gundul)
Cerbera manghas L.(Keledang)
Cerbera manghas L. (Buah Merah Papua)
Cerbera manghas L. (Jambu Bira Papua)
Mangifera indica L. (Khiojay)
Mangifera indica L.(cokanan)
Mangifera indica L. (irwin)
Mangifera indica L. (agrigardina)
Mangifera indica L. (Garifta)
Mangifera indica L. (keit)
Mangifera indica L. (cok babun)
Mangifera indica L.(mangga alpukat)
Mangifera indica L.(Konium(mangga putih))
Mangifera indica L.(kiosawei)
Mangifera indica L.(Red ivori)
Mangifera indica L. ( yuwen)
Mangifera indica L. (red dragon)
Mangifera indica L. (red emperor)
Mangifera indica L.(hongkaiter)
Mangifera indica L. (wan wern)
Mangifera indica L. (ai wen)
Mangifera indica L. (mahatir)
Mangifera indica L. (agrimania)"
2023,SH Downstream,SH R&P,RU VII,,,,56.3,,no,2.435,Sedang,"Burung yang dilindungi :
Accipiter hiogaster (Elang alap kelabu), Viceda subcristata (Baza pasific), Cacatua galerita (Kakatua koki), Eclectus roratus (Nuri bayan), Geoffroyus geoffroyi (Nuri pipi merah), Goura cristata (Mambruk ubiaat), Haliaentus leucogaster (Elang laut perut putih), Haliastur indus (Elang bondol), Nycticorax caledonicus (Kowak malam), Probosciger aterrimus (Kakatua raja), Rhyticeros plicatus (Julang papua)
Mamalia yang dilindungi:
Rusa timorensis (Rusa)
Serangga yang dilindungi:
Ornithoptera priamus (Kupu sayap burung)",,"Mangrove (Rhizophora sp), Ulin (Eusideroxylon zwageri), Pinang Merah (Areca catechu), Jati Papua (Tectona sp), Shorea sp. (Shorea), Spathoglottis papuana (Anggrek tanah)"
2023,SH Downstream,SH R&P,Tuban Petro & TPPI,,,,,,,,,,,
2023,SH Gas,SH Gas,GAGAS,,,,,,,,,,,
2023,SH Gas,SH Gas,Gasnet,,,,,,,,,,,
2023,SH Gas,SH Gas,KJG,,,,,,,,,,,
2023,SH Gas,SH Gas,Nusantara Regas,,,,,,,,,,,
2023,SH Gas,SH Gas,PGN,,,,,,,2.401,Sedang,,,"SOR III : Eucalyptus deglupa, termasuk dalam IUCN Redlist (VU)
PGD : Bedegung : Ancit-ancit, Angsana, Asam Jawa, Asam Kandis, Balam Hutan.
Pagardewa : Ancit-ancit / Kecrutan, Angsana, Bambang Lanang, Beringnin Dolar, Beringin Gunung."
2023,SH Gas,SH Gas,PGN COM,,,,,,,0,Rendah,0,0,0
2023,SH Gas,SH Gas,PGN MAS Group,,,,,,,,,,,
2023,SH Gas,SH Gas,PLI Group,,,,,,,,,,,
2023,SH Gas,SH Gas,Perkasa,,,,,,,,,0,0,0
2023,SH Gas,SH Gas,Perta Arun gas,"Desa Batuphat Barat, Kecamatan Muara Satu, Kota Lhokseumawe",,,0.15,,,,,Rusa Totol,42,
2023,SH Gas,SH Gas,Perta Daya Gas,,,,,,,,,,,
2023,SH Gas,SH Gas,Perta Samtan Gas,"Kampung Sungai Jawi, Kelurahan Sungai Selincah, Kota Palembang",,,27,no,no,2.815,Sedang,"Lutung Kelabu, Simpidan Biru Sumatera",0,Phalaenopsis sumatrana (Anggrek Bulan Sumatra) dan Vanda sumatrana (Anggrek Vanda Sumatra)
2023,SH Gas,SH Gas,Pertagas,,,,22.86,,,,,,,
2023,SH Gas,SH Gas,Pertagas Niaga,,,,,,,,,,,
2023,SH Gas,SH Gas,Pgas Solution,,,,,,,,,,,
2023,SH Gas,SH Gas,SAKA Energi Muriag Limited,,,,27,,,,,,,
2023,SH Gas,SH Gas,SAKA Indonesia Pangkah Limited,,,,4.8,no,no,1.1,Rendah,,,"Mangrove (Rhizophora apicukta, Sonneratia caseolaris, Bruguiera cylindrica, Ceriops tagal, Evicennia alba, Avicennia marina)"
2023,SH Gas,SH Gas,Sena,,,,,,,,,,,
2023,SH Gas,SH Gas,TGI,,,,,,,,,,,
2023,SH Gas,SH Gas,Widar Mandripa Nusantara,,,,,,,,,,,
2023,SH PNRE,SH PNRE,PGE Area Kamojang,,,,19.45,,yes,3.1,Tinggi,"Elang Jawa (Nisaetus bartelsi), Accipiter sp, Bubo sp, Butastur sp, Elanus sp, Falco sp, Haliaeetus sp, Haliastur sp, Hieraatus sp, Ichtianetus sp, Milvus sp, Pernis sp, Spilornis sp, Tyto sp",132,"Lichen sp, Saurauia cauliflora, Eugenia cupre, Actinodaphne glomerata, Schima wallichi, Magnolia blumei, Casianopsis argantea, Ficus fariegata, Macaranga rhizinoides, Euginia sp., lainnya dalam bahasa lokal : Ki hujan, Ki Peutag, Ki Huru Hantap, Ki Huru mentek, Ki Huru honje, Ki amis, Kiara, Lame, Huru kitales, Ki sireum"
2023,SH PNRE,SH PNRE,PGE Area Karaha,,,,,,yes,2.44,Sedang,,,
2023,SH PNRE,SH PNRE,PGE Area Lahendong,,,,1,no,no,2.03,Sedang,Monyet Wolai/ Yaki (Macaca nigra),8,"Chrysanthemum Kulo, Chrysanthemum Riri"
2023,SH PNRE,SH PNRE,PGE Area Lumutbalai,,,,1.2,,yes,3.5,Tinggi,,,
2023,SH PNRE,SH PNRE,PGE Area Sibayak,,,,,yes,no,,,,,
2023,SH PNRE,SH PNRE,PGE Area Ulubelu,,,,5,,yes,2.91,Sedang,Kambing Saburai,,Indigofera zollingeriana
2023,SH PNRE,SH PNRE,PPI,lokasi perindustrian,,,,,,,,,,
2023,SH Upstream,SH Upstream,Badak NGL,,,,538.7,no,no,3.801,Tinggi,"1. Orangutan (Pongo Pygmaeus) - CR
2. Bekantan (Nasalis larvatus) - EN
3. Owa Kelawat (Hylobates muelleri) - EN",61,"1. Meranti Merah (Shorea johorensis) - CR
2. Gaharu (Aquilaria malaccensis) - CR
3. Sawo Kecik (Chrysophyllum claraense) - CR
4. Anggrek Kelip (Phalaenopsis bellina) - NE"
2023,SH Upstream,SH Upstream,Elnusa,,,,,,,,,,,
2023,SH Upstream,SH Upstream,PDSI,,,,1,no,no,,,,,"""1. Shorea Balangeran - CR
2. Aquilaria Malaccensis - CR
3. Dryobalanops aromatica - VN"""
2023,SH Upstream,SH Upstream,Region 1,PT Pertamina EP Asset 1 Field Jambi,,,35.05,,,3.41,Tinggi,,,"1. Bulian (Eusideroxylon zwageri) - VU
2. Jelutung (Dyera polyphylla) - VU
3. Angsana (Pterocarpus indicus) - EN"
2023,SH Upstream,SH Upstream,Region 1,PT PHE Jambi Merang,,,43.65,,yes,2.583,Sedang,"1. Owa Ungko (Hylobates agilis) - EN
2. Gajah Sumatera (Elephas maximus sumatranus) - CR",0,"1. Anggrek (Dendrobium sp)
2. Jelutung (Dyera costulata) - LC
3. Pinang (Areca catechu) - DD
4. Petai (Parkia speciosa) - LC
5. Nanas (Ananas comosus)"
2023,SH Upstream,SH Upstream,Region 1,Pertamina Hulu Rokan - Bekasap Rokan,,,,yes,no,2.703,Sedang,"1.Gajah Sumatera (Elephas maximus sumatranus) - EN
2.Beruang Madu (Helarctos malayanus) - VU
3.Harimau Sumatera (Panthera tigris sumatrae) - EN
4.Beruk (Macaca nemestrina) - VU
5.Lutung Simpai (Presbytis melalophos) - EN
6.Kerak Kerbau (Acridotheres javanicus) - VU
7.Elang Alap Cina (Accipiter soloensis) - LC
8.Elang Tikus (Elanus caeruleus) - LC
9.Betet Biasa (Psittacula alexandri) - NT
10.Kipasan Belang (Rhipidura javanica) - LC
11.Elang Ular Bido (Spilornis cheela) - LC
12.Ular Lanang (Ophiophagus hannah) - VU
13.Cucak kutilang (Pycnonotus aurigaster) - LC
14.Perkutut Jawa (Geopelia striata) - LC
15.Bubut alang-alang (Centropus bengalensis) - LC
16.Tiong-lampu biasa (Eurystomus orientalis) - LC
17.Puyuh batu (Synoicus chinensis) - LC
18.Bentet kelabu (Lanius schach) - LC
19.Perenjak rawa (Prinia flaviventris) - LC
20.Burung-gereja Erasia (Passer montanus) - LC
21.Cekakak belukar (Halcyon smyrnensis) - LC
22.Bondol rawa (Lonchura malacca) - LC
23.Layang-layang batu (Hirundo tahitica) - LC
24.Bondol rawa (Lonchura malacca) - LC
25.Layang-layang api (Hirundo rustica) - LC
26.Kareo padi (Amaurornis phoenicurus) - LC
27.Kekep babi (Artamus leucoryn) - LC
28.Merbah cerukcuk (Pycnonotus goiavier) - LC
29.Walet (Collocalia s p .) - LC
30.Tekukur biasa (Spilopelia chinensis) - LC
31.Cipoh kacat (Aegithina tiphia) - LC
32.Pelatuk kijang (Micropternus brachyurus) - LC
33.Kapasan kemiri (Lalage nigra) - LC
34.Cinenen kelabu (Orthotomus ruficeps) - LC
35.Merbah mata-merah (Pycnonotus brunneus) - LC
36.Bondol Peking (Lonchura punctulata) - LC
37.Pelatuk besi (Dinopium javanense) - LC
38.Cabai bunga-api (Dicaeum trigonostigma) - LC
39.Wiwik kelabu (Cacomantis merulinus) - LC
40.Punai gading (Treron vernans) - LC
41.Merbah belukar (Pycnonotus plumosus) - LC
42.Takur tenggeret (Psilopogon duvaucelii) - LC
43.Bondol haji (Lonchura maja) - LC
44.Gelatik-batu Kelabu (Parus major) - LC
45.Elang Bondol (Haliastus indus) - LC
46.Bentet Loreng (Lanius tigrinus) - LC
47.Cekakak Sungai (Todiramphus chloris) - LC
48.Kirik-kirik laut (Merops philippinus) - LC",173,1. Mahoni Daun Lebar (Swietenia macrophylla King) - VU
2023,SH Upstream,SH Upstream,Region 1,Pertamina Hulu Rokan - Minas Siak,,,4099,yes,no,2.635,Sedang,"1.Gajah Sumatera (Elephas maximus sumatranus) - EN
2.Beruang Madu (Helarctos malayanus) - VU
3.Beruk (Macaca nemestrina) - VU
4.Harimau Sumatera (Panthera tigris sumatrae) - EN
5.Lutung Simpai (Presbytis melalophos) – EN
6.Elang Alap Cina (Accipiter soloensis) - LC
7.Elang Tikus (Elanus caeruleus) - LC
8.Serindit Melayu (Loriculus galgulus) – LC
9.Kerak Kerbau (Acridotheres javanicus) - VU
10.Tiong Emas (Gracula religiosa) – LC
11.Elang Brontok (Nisaetus cirrhatus) - LC
12.Betet Biasa (Psittacula alexandri) – NT
13.Kipasan Belang (Rhipidura javanica) - LC
14.Elang Ular Bido (Spilornis cheela) - LC
15.Ular Lanang (Ophiophagus hannah) – VU
16.Cucak kutilang (Pycnonotus aurigaster) - LC
17.Perkutut Jawa (Geopelia striata) - LC
18.Bubut alang-alang (Centropus bengalensis) - LC
19.Tiong-lampu biasa (Eurystomus orientalis) - LC
20.Puyuh batu (Synoicus chinensis) - LC
21.Bentet kelabu (Lanius schach) - LC
22.Perenjak rawa (Prinia flaviventris) - LC
23.Burung-gereja Erasia (Passer montanus) - LC
24.Cekakak belukar (Halcyon smyrnensis) - LC
25.Bondol rawa (Lonchura malacca) - LC
26.Layang-layang batu (Hirundo tahitica) - LC
27.Bondol rawa (Lonchura malacca) - LC
28.Layang-layang api (Hirundo rustica) - LC
29.Kareo padi (Amaurornis phoenicurus) - LC
30.Kekep babi (Artamus leucoryn) - LC
31.Merbah cerukcuk (Pycnonotus goiavier) - LC
32.Walet (Collocalia s p .) - LC
33.Tekukur biasa (Spilopelia chinensis) - LC
34.Cipoh kacat (Aegithina tiphia) - LC
35.Pelatuk kijang (Micropternus brachyurus) - LC
36.Kapasan kemiri (Lalage nigra) - LC
37.Cinenen kelabu (Orthotomus ruficeps) - LC
38.Merbah mata-merah (Pycnonotus brunneus) - LC
39.Bondol Peking (Lonchura punctulata) - LC
40.Pelatuk besi (Dinopium javanense) - LC
41.Cabai bunga-api (Dicaeum trigonostigma) - LC
42.Wiwik kelabu (Cacomantis merulinus) - LC
43.Punai gading (Treron vernans) - LC
44.Merbah belukar (Pycnonotus plumosus) - LC
45.Takur tenggeret (Psilopogon duvaucelii) - LC
46.Bondol haji (Lonchura maja) - LC
47.Gelatik-batu Kelabu (Parus major) - LC
48.Bentet Loreng (Lanius tigrinus) - LC
49.Cekakak Sungai (Todiramphus chloris) - LC
50.Kirik-kirik laut (Merops philippinus) - LC",248,1. Mahoni Daun Lebar (Swietenia macrophylla King) - VU
2023,SH Upstream,SH Upstream,Region 1,PT Pertamina EP Asset 1 Field Ramba,,,24.54,yes,,2.796,Sedang,"Katak sawah, Biawak, Ular sawah, Perkutut, Babi hutan, Monyet",,"Jelutung, Karet, Ketapang Talang, Laban, Pule, Mangga, Gelam"
2023,SH Upstream,SH Upstream,Region 1,PT Pertamina EP Asset 2 Field Prabumulih,,,378.77,yes,,,,Gajah Sumatera (Elephas maximus ssp.sumatranus)-CR,,"1. Merawan (Hopea mengerawan)-CR
2. Leda/Eucaliptus (Eucalyptus deglupta)- VU
3. Balau Merah (Shorea balangeran)-VU"
2023,SH Upstream,SH Upstream,Region 1,PT Pertamina EP Asset 2 Field Pendopo,,,444.5,,yes,3.47,Tinggi,,,"1. Petanang (Dryobalanops oblongifolia) - EN
2. Jakarinda ( Jacaranda Mimisifolia - VU
3. Pinus (Pinus Merkusi) - VU
4. Angsana (Pteracarpus Indicus) - EN
5. Meranti Belangir ( Shorea balangeran) - VU
6. Mahoni (Swietenia macrophylla) - VU
7. Anggrek Bulan Jawa ( Dendrelaphis Pictus ) - DL
8. Anggrek Kasut Kuning ( Paphiopedilum Primulinum) - CR
9. Anggrek Kasut (Paphiodelium superbiens) - EN
10. Anggrek Bulan Sumatra (Phalaenopsis sumatrana) - DL
11. Anggrek Kelip (Phalaenopsis violacea) - VU"
2023,SH Upstream,SH Upstream,Region 1,PT Pertamina EP Asset 2 Field Limau,,,60.46,no,no,3.71,Tinggi,Macan Dahan (Neofelis diardii)- VU,1,"1. Cempedak (Artocarpus integer)- VU
2. Beringin (Ficus benjamina)-DD
3. Salam (Syzygium polyanthum)-DD
4. Nangka Sayur (Artocarpus heterophyllus)-DD
5. Aren (Arenga pinata)-LC
6. Akar Wangi (Chrysopogon zizanioides)- DD"
2023,SH Upstream,SH Upstream,Region 1,PT Pertamina EP Asset 2 Field Adera,,,121.81,no,no,,,"1. Kucing emas - NT
2. Enggang cula (rangkong badak) - VU",9,"1. Tembesu (Fagraea fragrans) - 33
2. Kayu Aro (Ficus carica L. ) – 10
3. Spt Mahoni tp Putih (Swietenia macrophyla King) - 0
4. Karet (Hevea bransiliensis) – 26
5. Seru (Schima wallichii) – 10
6. Keliyat (Syzygium Sp.) – 0
7. Jengkol (Archidendron pauciflorum) – 3
8. Macaranga (Macaranga gigantea) – 4
9. Gaharu (Aquilaria malaccensis) – 30
10. Spt Mahoni (Swietinia macrophylla King) – 52
11. Kayu Asia – 0
12. Spt Salam (Syzygium polyantum) – 10
13. Mangga (Mangifera indica) – 41
14. Pinang (Areca catechu) – 5
15. Bintaro (Cerbera manghas) – 50
16. Trembesi (Samanea saman) – 82
17. Meranti (Shorea sp.) – 15
18. Bunga Tanjung (Mimusops elengi) – 55
19. Glodokan Tiang (Polyanthia longifolia) – 10
20. Cendana (Santalum album) – 35
21. Lamtoro (Leucaena leucocephala) – 4
22. Pulai (Alstonia scholaris) – 5
23. Jambu tengkalak (Bellucia pentamera) – 2
24. Tukulan (Blumeodendron tokbrai) – 4
25. Pulai (Alstonia pneumatophora) – 2
26. Ketapang (Terminalia catappa) - 5
27. Akasia (Acacia mangium) – 35
28. Lada (Piper Ningrum) – 2
29. Semerangi (Carallia brachiata) – 2
30. Beluluk (Dyospyros maingayi) – 8
31. Keruing (Dipterocarpus oblongifolius) – 5
32. Padma Raksasa (Rafflesia arnoldii) – 18
33. Eucalyptus rainbow (Eucalyptus deglupta) – 50
34. Damar Putih (Agathis labillardieri) – 6
35. Pohon Ara (Ficus) – 24"
2023,SH Upstream,SH Upstream,Region 2,PT PHE Offshore North West Java (PHE ONWJ),,,0.12,,yes,3.33,Tinggi,1. Penyu Sisik (Eretmochelys Imbricata) - CR,28,"1. Rhizophora mucronata - LC
2. Avicennia marina - LC
3. Avicennia alba - LC
4. Xylocarpus granatum - LC
5. Barringtonia asiatica - LC
6. Ziziphus mauritiana - LC
7. Casuarina equisetifolia - LC
8. Tamarindus indica - LC
9. Syzigium cumini - LC
10. Thespesia populnea - LC
11. Senna siamea - LC"
2023,SH Upstream,SH Upstream,Region 2,PT Pertamina Hulu Energi - Operation of South East Sumatera (OSES),,,3.02,yes,,,,"- Penyu Sisik (Eretmochelys imbricata) - CR
- Terumbu Karang (Acropora cervicornis) - CR",1818,Rhizopora stylosa - LC
2023,SH Upstream,SH Upstream,Region 2,PT Pertamina EP Asset 3 Subang Field,,,40.6,no,no,2.877,Sedang,"1. Hylobates moloch (Owa Jawa) - EN
2. Spilornis cheela (Elang Ular Bido) - LC
3. Troides helena (Kupu-kupu Raja Helena) - LC",7,
2023,SH Upstream,SH Upstream,Region 2,PT Pertamina EP Asset 3 Jatibarang Field,,,1.28,yes,,2.653,Sedang,"1. Kipasan Belang - LN
2. Gelatik Jawa - VU
3. Macan tutul - EN
4. Elang jawa - EN
5. Surili - EN",15,"1. Angsana - EN
2. Mahoni - VU"
2023,SH Upstream,SH Upstream,Region 2,PT Pertamina EP Asset 3 Tambun Field,,,2.7,no,no,1.6,Rendah,1. Surili - VU,0,"1. Puspa - N/A
2. Kibereum - LN
3. Rasamala - N/A
4. Kisalam - N/A
5. Baros/Manglid - N/A"
2023,SH Upstream,SH Upstream,Region 3,Pertamina Hulu Mahakam (PHM),,,90.8,no,no,3.01,Tinggi,Pesut Mahakam (Orcaella brevirostris) - EN,,"1. Paphiopedilum Paraphalaenopsis laycockii supardii Braem & Löb - Not registered
2. Shorea balangeran - VU"
2023,SH Upstream,SH Upstream,Region 3,Pertamina Hulu Sanga - Sanga (PHSS),,,86.43,no,no,1.13,Rendah,,,"1. Johar (Cassia siamea Lamk) - LC
2. Trembesi (Samanea saman) - LC
3. Beringin (Ficus benjamina) - NE
4. Gamal (Gliricidia sepium) - LC
5. Waru (Hisbicus tiliaceus) - LC
6. Pohon Saga (Adenanthera povonina) - LC
7. Kelapa Sawit (Elaeis) - NE
8. Jarak (Ricinus communis) - NE
9. Mahoni (S. macrophylla) - VU
10. Bayur (Pterospermum javanicum) - LC
11. Sulam (Portulaca grandiflora) - LC
12. Meranti (Shorea leprosula) - CR
13. Puspa (Schima wallichii) - CR
14. Jabon (Anthocephalus cadamba) -"
2023,SH Upstream,SH Upstream,Region 3,PT Pertamina EP Assest 5 Field Sangatta *) & **),,,1610.22,yes,,,,"1. Orangutan (Pongo pygmaeus) - CR
2. Bekantan (Nasalis larvatus) - EN
3. Burung Rangkong (Bucerotidae) - VU
4. Beruang Madu (Helarctos malayanus) - VU",,"Kerantungan (Durio oxleyanusi)
Lahung (Durio Graveolens) - VU
Kerantungan (Durio oxleyanusi)
Lahung (Durio Graveolens) - VU
Mahoni (Swietenia mahagoni)
Leban (Vitex pinnata)
Jati (Tectona grandis)
Kerantungan (Durio oxleyanusi)
Lahung (Durio Graveolens) - VUPrepat - LC
Bakau (Rhizophora racemosa)
Api-api (Avicenna alba)
Api-api (Avicenna lanat)
Nyamplung (Calophyllum inophylum)
Tengkawang Tungkul (Shorea stenoptera) - NT
Mangga Kasturi (Mangifera casturi) - EW
Menggeris (Koompassia excelsa)
Ketapang (Terminalia catappa) - LC
Bintaro (Cerbera manghas) - LC"
2023,SH Upstream,SH Upstream,Region 3,PT Pertamina EP Asset 5 Field Sanga-Sanga,,,7.5,no,yes,,,Bekantan (Nasalis larvatus),23,Bekantan (Nasalis larvatus) - EN
2023,SH Upstream,SH Upstream,Region 3,PT Pertamina EP Asset 5 Field Tanjung,,,3.3,no,no,2.003,Sedang,"1. Rusa Sambar (Rusa unicolor) - VU
2. Luntung Kelabu (Trachypithecus cristatus) - VU
3. Pelanduk Kancil (Tragulus javanicus) - DD
4. Berang-berang Pantai (Lutra lutra) - LD
5. Orangutan (Pongo pygmaeus) - CR",,"1. Langsat (Lansium domesticum) - DD
2. Durian (Durio zibethinus) - DD
3. Seruni (Chrysanthemum Inodorum) - DD
4. Mangga (Mangifera sp) - DD
5. Kelapa (Cocos nucifera) - DD
6. Sengon (Paraserianthes falcataria) – DD
7. Meranti (Shorea) - EN
8. Kapur (Dryobalanops aromatica) - VU
9. Ulin (Eusideroxylon zwageri) - VU
10. Lai (Durio kutejensis) - VU
11. Gayam (Inocarpus fagifer) - LC
12. Ketapang (Terminalia catappa) - LC
13. Petai (Parkia speciosa) - LC
14. Kemiri (Aleurites moluccana) - LC
15. Rambutan (Nephelium lappaceum) - LC
16. Beringin (Ficus benjamina) - LC
17. Mahoni (Switenia mahagoni) - DD
18. Terembesi (Samanea saman) - LC
19. Mangga kasturi (Mangifera casturi) - EW
20. Laban (Vitex pinnata) - LC
21. Angsana (Pterocarpus indicus) - EN
22. Sawit (Elaeis guineensis) - LC
23. Johar (Senna siamea) - LC
24. Akasia (Acacia auriculiformis) - LC
25. Karet (Hevea brasiliensis) - LC
26. Pinus (Pinus merkusii) - VU
27. Sentul (Sandoricum koetjape) - LC
28. Gamal (Gliricidia sepium) - LC
29. Bintaro (Cerbera manghas) - LC
30. Sungkai (Peronema canescens) - LC
31. Palem (Arecaceae) - DD
32. Pinang merah (Cyrthostachis lakka) - DD
33. Puring (Croton sp.) - EN
34. Kayu Ara (Ficus adenosperma) - LC
35. Pohon Hujan (Spathoidea campanulata) - DD
36. Jambu Air (Syzygium aqueum) - LC
37. Pohon Loba (Symplocos sp.) - DD
38. Kerai Payung (Filicium sp.) - DD
39. Pinang (Areca cathecu) - DD
40. Daun Salam (Syzygium polyantum) - DD
41. Anggrek Hitam (Coelogyne pandurataI) - DD
42. Anggrek Sendok (Spathoglottis zurea) - DD
43. Anggrek Bulan (Phalaenopsis amabilis) - DD
44. Anggrek Dendrobium (Dendrobium macrophyllum) - LC
45. Anggrek Tebu (Grammatophyllum speciosum Blume) - DD
46. Lidah Mertua (Sansevieria trifasciata lauretii) - DD
47. Keladi Tengkorak Kalim (Alocasia cuprea) - DD
48. Keladi Amazon (Alocasia amazonica) - DD
49. Keladi White Queen (Alocasia white queen) - DD
50. Keladi Tikus (Typhonium flagelliforme) - LC
51. Keladi Red Flash (Caladium red flash) - DD
52. Pisang (Musa parasidica) - DD
53. Talas (Colocasia esculenta) - LC
54. Rumput Gajah (Pennnisetum purpureum) - DD
55. Rumput Pait (Axonopus compressus) - LC
56. Serai (Cymbopogon citratus) - DD
57. Jahe Merah (Zingiber Officinale Var Rubrum Rhizoma) - DD
58. Kunyit (Curcuma domestica) - DD
59. Lengkuas (Alpinia galanga) - DD"
2023,SH Upstream,SH Upstream,Region 3,Pertamina Hulu Kalimantan Timur (PHKT),,,655.49,no,no,3.245,Tinggi,"1. Bangau Tong Tong (Leptoptilos javanicus) - VU
2. Gelatik Jawa (Lonchura oryzivora) - EN
3. Kerak Kerbau (Acridotheres javanicus) - VU
4. Monyet Ekor Panjang (Macaca fascicularis) - EN
5. Lutung Kelabu (Trachypithecus cristatus) - NT
6. Bekantan (Nasalis larvatus) - EN
7. Kuya Batok (Cuora amboinensis) - VU
8. Beruk (Macaca nemestrina) - EN
9. Owa Kelawat (Hylobates muelleri) - EN
10. Rusa Sambar (Cervus unicolor) - VU",30,"1. Simpur (Dillenia borneesis) - VU
2. Meranti Merah (Shorea balangeran) - VU
3. Ulin (Eusideroxylon zwageri) - VU
4. Durian Burung (Durio acutifolius) - VU
5. Lai (Durio kutejensis) - VU
6. Bintawak (Artocarpus anisophyllus) - VU
7. Gaharu (Aqualaria malaccensis) - CR
8. Mersawa Tenam (Anisoptera marginata) - VU"
2023,SH Upstream,SH Upstream,Region 3,PT Pertamina EP Asset 5 Field Bunyu,,,784.27,yes,,,,"1) a. Penyu Hijau (Chelonia mydas) - EN
b. Penyu Sisik (Eretmochelys imbricata) - CR
c. Ikan Pelagis (Selaroides leptolepis)
d. Ikan Demersal (Lobocheilos falcifer)
e. Ikan Karang (Cheilinus undulatus Rupell)
f. Ikan Kerapu (Epinephelus sp.)
g. Ikan Muka Sebelah (Psettodes erumei )

2) a. Bekantan (Nasalis larvatus) - EN
b. Monyet Ekor-panjang (Macaca fascicularis) - EN
c. Babi Berjenggot (Sus barbatus) - VU
d. Trenggiling (Manis javanica) - CR
e. Musang Luwak (Paradoxurus hermaphroditus) - LC
f. Beruk (Macaca nemestrina) - EN
g. Codot Krawar (Cynopterus brachyotis) - LC
h. Landak Raya (Hystrix brachyura) - LC
i. Berang-Berang (Lutra sp) - EN
j. Bajing Kelapa (Callosciurus notatus) - LC
k. Mentilin (Tarsius bancanus) - VU
l. Musang Tenggalung (Viverra tangalunga) - LC

3) Elang Laut Perut Putih (Haliaeetus leucogaster) - LC

4) 4.1 Elang Laut Perut Putih (Haliaeetus leucogaster) - LC
4.2 Remetuk Laut (Gerygone sulphurea) - LC
4.3 Elang bondol (Haliastur indus) - LC
4.4 Raja-udang Meninting (Alcedo meninting) - LC
4.5 Cekakak sungai (Todirhamphus chloris) - LC
4.6 Kapinis rumah (Apus nipalensis) - LC
4.7 Cangak abu (Ardea cinerea) - LC
4.8 Kuntul kerbau (Bubulcus ibis) - LC
4.9 Kuntul kecil (Egretta garzetta) - LC
4.10 Kuntul perak (Egretta intermedia) - LC
4.11 Kekep babi (Artamus leucorhynchus) - LC
4.12 Kapasan kemiri (Lalage nigra) - LC
4.13 Pergam hijau (Ducula aenea) - LC
4.14 Perkutut jawa (Geopelia striata) - LC
4.15 Tekukur biasa (Streptopelia chinensis) - LC
4.16 Punai gading (Treron vernans) - LC
4.17 Tiong lampu biasa (Eurystomus orientalis) - LC
4.18 Wiwik kelabu (Cacomantis merulinus) - LC
4.19 Bondol Kalimantan* (Lonchura fuscans*) - LC
4.20 Layang-layang batu (Hirundo tahitica) - LC
4.21 Apung Tanah (Anthus novaeseelandiae) - LC
4.22 Burung-madu sriganti (Nectarinia jugularis) - LC
4.23 Caladi tilik (Dendrocopos moluccensis) - LC
4.24 Betet ekor-panjang (Psittacula longicauda) - VU
4.25 Kareo padi (Amaurornis phoenicurus) - LC
4.26 Kipasan belang (Rhipidura javanica) - LC
4.27 Elang Hitam (Ictinaetus malaiensis) - LC
4.28 Elang Tikus (Elanus caeruleus) - LC
4.29 Elang Tiram (Pandion haliaetus) - LC
4.30 Cipoh Kacat (Aegithina tiphia) - LC
4.31 Pekakak Emas (Pelargopsis capensis) - LC
4.32 Udang Api (Ceyx erithaca) - LC
4.33 Pecuk Ular Asia (Anhinga melanogaster) - NT
4.34 Walet Palem Asia (Cypsiurus balasiensis) - LC
4.35 Wallet (Collocalia sp.) - LC
4.36 Kengkareng Perut Putih (Antheracoceros Malayanus) - LC
4.37 Cinenen Kelabu (Orthotomus ruficeps) - LC
4.38 Cinenen Belukar (Orthotomus atrogularis) - LC
4.39 Perenjak Rawa (Prinia flaviventris) - LC
4.40 Bangau Tong Tong (Leptoptilos javanicus) - VU
4.41 Delimukan Zamrud (Chalcophaps indica) - LC
4.42 Gagak Hutan (Corvus enca) - LC
4.43 Bubut Alang-Alang (Centropus bengalensis) - LC
4.44 Bubut Besar (Centropus sinensis) - LC
4.45 Kadalan Birah (Phaenicophaeus curvirostris) - LC
4.46 Wiwik Uncuing (Cacomantis variolosus) - LC
4.47 Cabai Bunga Api (Dicaeum trigonostigma) - LC
4.48 Bondol Peking (Lonchura punctulata) - LC
4.49 Bondol Rawa (Lonchura malacca) - LC
4.50 Sempur Hujan Darat (Eurylaimus ochromalus) - LC
4.51 Takur Tenggeret (Psilopogon duvaucelii) - LC
4.52 Kirik-Kirik Biru (Merops viridis) - LC
4.53 Burung Madu Kelapa (Anthreptes malacensis) - LC
4.54 Burung Madu Polos (Anthreptes simplex) - LC
4.55 Pijantung Kecil (Arachnothera longirostra) - LC
4.56 Burung Gereja (Passer montanus) - LC
4.57 Pelatuk Merah (Chrysophlegma miniaceum) - LC
4.58 Cucak Kutilang (Pycnonotus aurigaster) - LC
4.59 Merbah Cerukcuk (Pycnonotus goiavier) - LC
4.60 Merbah Mata Merah (Pycnonotus brunneus) - LC
4.61 Tiong Emas (Gracula religiosa indica) - LC
4.62 Kerak Kerbau (Acridotheres javanicus) - VU
4.63 Perling Kumbang (Aplonis panayensis) - LC
4.64 Ciung Air Coreng (Macronus gularis) - LC
4.65 Burung Madu Sepah Raja (Aethopyga siparaja) - LC

5) -
6) -
7) -
8) -
9) -
10) Elang Bondol (Haliastur indus) - LC",,"1) -
2) -
3) -
4) -

5) a. Api-Api Putih (Avicennia alba Blume) - LC
b. Api - Api (Avicennia marina (Forssk.) Vierh.) - LC
c. Teruntum Merah (Lumnitzera littorea (Jack) Voigt) - LC
d. Nipah (Nypa fruticans Wurmb) - LC
e. Sonneratia alba Sm. (Perepat) - LC

6) a. Jemating (Baccaurea bracteata Müll.Arg.)
b. Dungin (Dillenia suffruticosa (Griff.) Martelli)
c. Alad Sadik (Gaertnera vaginans (DC.) Merr.)
d. Merkubung (Glochidion lutescens Blume) - LC
e. Dampul (Glochidion zeylanicum (Gaertn.) A.Juss.) - LC
f. Jirak (Guioa diplopetala (Hassk.) Radlk.) - LC
g. Medang Pasir (Litsea elliptica Blume) - LC
h. Jemating (Polyscias aherniana (Merr.) Lowry & G.M.Plunkett)
i. Jirak (Symplocos cochinchinensis (Lour.) S.Moore) - LC
j. Akasia Daun Kecil (Acacia auriculiformis A.Cunn. ex Benth.) - LC
k. Akasia Daun Besar (Acacia mangium Willd.) - LC
l. Pinang (Areca catechu L.) - DD
m. Balung Kopen (Canthiumera robusta K.M.Wong & X.Y.Ng)
n. Medang (Litsea umbellata (Lour.) Merr.) - LC
o. Merkubung (Macaranga gigantea (Rchb.f. & Zoll.) Müll.Arg.)
p. Jirak (Symplocos cochinchinensis (Lour.) S.Moore)

7) a. Bajan (Antidesma leucopodum Miq.) - LC
b. Jering Paya (Archidendron clypearia (Jack) I.C.Nielsen) - LC
c. Dungin (Dillenia suffruticosa (Griff.) Martelli)
d. Kayu Hitam (Diospyros siamang Bakh.)
e. Buah Tamang (Elaeocarpus submonoceras Miq.) - VU
f. Kayu Djottik (Fagraea ceilanica Thunb.)
g. Jirak (Guioa diplopetala (Hassk.) Radlk.) - LC
h. Medang Piwaras (Lindera lucida (Blume) Boerl.) - LC
i. Medang Pasir (Litsea elliptica Blume) - LC
j. Medang (Litsea umbellata (Lour.) Merr.) - LC
k. Temberas (Memecylon paniculatum Jack)
l. Jemating (Polyscias aherniana (Merr.) Lowry & G.M.Plunkett)
m. Jirak (Symplocos cochinchinensis (Lour.) S.Moore)
n. Terentang (Campnosperma auriculatum (Blume) Hook.f.) - LC
o. Nyawai (Ficus variegata Blume) - LC
p. Pagar-Pagar (Ixonanthes petiolaris Blume)
q. Mahang (Macaranga conifera (Rchb.f. & Zoll.) Müll.Arg.)
r. Temberas (Memecylon acuminatissimum Blume)

8) a. Gaharu (Aquilaria malaccensis Lam.) - VU
b. Jengkol (Archidendron jiringa (Jack) I.C. Nielsen)
c. Petai (Parkia speciosa Hassk.) - LC
d. Nangka (Artocarpus integer (Thunb.) Merr.)
e. Durian (Durio zibethinus L.) - LC
f. Tangkil (Gnetum gnemon L.) - LC

9) a. Sebasah (Aporosa frutescens Blume)
b. Terap (Artocarpus anisophyllus Miq.) - VU
c. Terap (Artocarpus odoratissimus Blanco) - NT
d. Dungin (Dillenia suffruticosa (Griff.) Martelli)
e. Ara Bumi (Ficus uncinata (King) Becc.) - LC
f. Dampul (Glochidion zeylanicum (Gaertn.) A. Juss.) - LC
g. Darah-Darah (Knema laurina (Blume) Warb.) - LC
h. Rambutan Hutan (Nephelium cuspidatum Blume) - LC
i. Pinang (Areca catechu L. ) - DD
j. Nangka Air (Artocarpus kemando Miq.)
k. Kayu Ara (Ficus aurata (Miq.) Miq.) - LC
l. Benying (Ficus fistulosa Reinw. ex Blume) - LC
m. Ara Bumi (Ficus uncinata (King) Becc. ) - LC
n. Jirak (Guioa diplopetala (Hassk.) Radlk. ) - LC
o. Pagar-Pagar (Ixonanthes petiolaris Blume)
p. Merkubung (Macaranga gigantea (Rchb.f. & Zoll.) Müll.Arg.)
q. Mangga (Mangifera indica L.) - LC
r. Rambutan (Nephelium lappaceum L. ) - LC

10) a. Akasia Daun Besar (Acacia mangium Willd.) - LC
b. Merkubung (Glochidion lutescens Blume) - LC
c. Mahang (Macaranga conifera (Rchb.f. & Zoll.) Müll.Arg.)
d. Merkubung (Macaranga gigantea (Rchb.f. & Zoll.) Müll.Arg)
e. Karamunting (Melastoma malabathricum L.) - LC
f. Pternandra cogniauxii M.P.Nayar
g. Bawaing (Adinandra dumosa Jack) - LC
h. Pternandra cogniauxii M.P.Nayar
i. Kecapi (Sandoricum koetjape (Burm.f.) Merr.) - VU
j. Jirak (Symplocos cochinchinensis (Lour.) S.Moore)
k. Jirak (Symplocos cochinchinensis (Lour.) S.Moore)
l. Jambu-Jambu (Syzygium borneense (Miq.) Miq. )
m. Kopi-Kopi (Urophyllum polyneurum Miq.)

11) -"
2023,SH Upstream,SH Upstream,Region 3,PT Pertamina EP Asset 5 Field Tarakan,,,135,yes,,2.49,Sedang,Bekantan (Nasalis larvatus) - EN,0,"Tarap (Artocarpus odoratissimus) - NT
Agathis (Agathis borneensis) - EN"
2023,SH Upstream,SH Upstream,Region 4,PT Pertamina EP Asset 4 Field Cepu,,,0.62,,,,,1. Rusa Jawa (Cervus Termorensis) -VU,0,Mahoni ( Swietenia mahagoni) - EN
2023,SH Upstream,SH Upstream,Region 4,PT Pertamina EP Asset 4 Field Sukowati,,,3.5,,,,,,,1. Rhizophora apiculata - LC
2023,SH Upstream,SH Upstream,Region 4,PT Pertamina EP Asset 4 Field Poleng,,,0.26,,,,,,,"1. Rhizophora apiculata - LC
2. Jambu Mete - LC"
2023,SH Upstream,SH Upstream,Region 4,PT Pertamina Hulu Energi - Randugunting,,,,,,,,,,"1. Alpukat - LC
2. Durian - LC"
2023,SH Upstream,SH Upstream,Region 4,PT PHE - West Madura Offshore,,,68,,,3.28,Tinggi,"1.Raja-udang biru (Alcedo coerulescens)- LC
2.Cekakak sungai (Todiramphus chloris) – LC
3.Cekakak jawa (Todiramphus cyanoventris) – LC
4.Cangak besar (Ardea alba) – LC
5.Cerek jawa (Charadrius javanicus) – NT
6.Cabai jawa (Dicaeum trochileum) – LC
7.Kipasan belang (Rhipidura javanica) – LC
8.Gajaha pengala (Numenius phaeopus) – LC
9.Elang bondol (Haliastur indus) – LC
10.Elang laut perut putih (Haliaeetus leucogaster) – LC
11.Monyet ekor Panjang (Macaca fascicularis – EN
12.Gajahan kecil (Numenius minutus) – LC
13.Dara laut biasa (Sterna hirundo) – LC
14.Dara laut jambul (Sterna bergii) -LC
15.Dara laut sayap putih (Chlidonias leucopterus) – LC
16.Cangak abu (Ardea cinerea) – LC
17.Kuntul kecil (Egretta garzetta) – LC
18.Kacamata jawa (Zosterops flavus) – EN
19.Trinil ekor kelabu (Tringa brevipes) -NT
20.Cikalang chrismat (Fregata andrewsi) – VU
21.Cerek besar (Pluvialis squatarola) – LC
22.Trinil pantai (Actitis hypoleucos) – LC
23.Kirik kirik laut (Merops philippinus) – LC
24.Biawak (Varanus salvator) - LC",115,"1.Gedangan (Aegiceras floridum) – NT
2.Tengar (Ceriops decandra) – NT
3.Sentigi (Pemphis Acidula) – LC
4.Bakau minyak (Rhizophora apiculate) – LC
5.Tanjang lanang (Rhizophore mucronate) – LC
6.Tanjang putih (Bruguiera cylindrica) - LC
7.Bakau kurap – (Rhizophora stylosa) – LC
8.Perepat (Sonneratia alba) – LC
9.Gedangan (Aegiceras corniculatum) - LC
10.Tengar (Ceriops tagal) – LC
11.Api-api putih (Avicennia alba) – LC
12.Api api (Avicennia marina) -LC
13.Api api daun lebar (Avicennia officinalis) – LC
14.Teruntum (Lumnitzera racemosa) – LC
15.Kayu wuta (Excoecaria agallocha) – LC
16.Nyiri (Xylocarpus moluccesis) – LC
17.Bakau merah (Bruguiera gymnorrhiza) – LC
18.Cemara laut (Casuarina equisetifolioa) – LC
19.Lumnitzera racemosa) – LC
20.Alur (Sesuvium portulacastrum) – LC
21.Kambingan Derris trifoliata) - LC"
2023,SH Upstream,SH Upstream,Region 4,PT Pertamina EP Asset 4 Field Donggi Matindok,,,13.68,,,4.131,Tinggi,"1. Tarsius Paleng (Tarsius fuscus subsp. Pelengensis) -EN
2. Gagak Banggai (Corvus unicolor) - CR",30,"1. Labani (Vitex pubescens) - LC
2. Osa - LC
3. Meranti (Shorea sp) - LC"
2023,SH Upstream,SH Upstream,Region 4,JOB Pertamina Medco Tomori,,,131.04,,,3.125,Tinggi,1. Maleo senkawor (Macrocephalon maleo) - CR,429,1. Pohon Bakau (Rhizophora)
2023,SH Upstream,SH Upstream,Region 4,PT Pertamina EP Asset 4 Field Papua,,,,,,,,"1. Buaya Irian (Crocodylus novagunaeae) - LC
2. Buaya Muara (Crocodylus porosus) - LC",,"1. Matoa (Pometia pinnata) - LC - 300 Bibit
2. Merbau (intsia bijuga) - LC - 100 Bibit
3. Agatis (Agathi dammara) - LC - 100 Bibit
4. Durian (Durio zibethinus) - LC - 200 Bibit
5. Langsat (Lansium domesticum) - LC - 200 Bibit
6. Mangrove (Rhizophora racemosa) - LC - 1000 bibit"
2023,SH Upstream,SH Upstream,Region 5,,,,,,,,,,,
2024,SH Downstream,SH R&P,GRR Tuban,,,,,,,,,,,
2024,SH Downstream,SH C&T,MOR I,,472.28,52.48,524.76,,,,,,,
2024,SH Downstream,SH C&T,MOR II,,777.555,86.395,863.95,,,,,,,
2024,SH Downstream,SH C&T,MOR III,,538.01,59.78,597.79,,,,,,,
2024,SH Downstream,SH C&T,MOR IV,,672.59,74.73,747.32,,,,,,,
2024,SH Downstream,SH C&T,MOR V,,611.09,67.9,678.99,,,,,,,
2024,SH Downstream,SH C&T,MOR VI,,541.359,60.151,601.51,,,,,,,
2024,SH Downstream,SH C&T,MOR VII,,509.778,56.642,566.42,,,,,,,
2024,SH Downstream,SH C&T,MOR VIII,,,,,,,,,,,
2024,SH Downstream,SH R&P,PT KPB,,,,,,,,,,,
2024,SH Downstream,SH IML,PT PIS,,,,,,,,,"a. Hiu Paus di Papua
b. Fragment Terumbu Karang di Baubau",1053,Mangrove (+10000)
2024,SH Downstream,SH IML,PT PTK,,,14.67,14.67,,,2.379,Sedang,,,konservasi Flora
2024,SH Downstream,SH C&T,PTPL,,,,,,,,,,,
2024,SH Downstream,SH C&T,PTPN,,,,,,,,,,,
2024,SH Downstream,SH C&T,PTPR,,,,,,,,,,,
2024,SH Downstream,SH IML,Pertamina Energy Terminal,,,,,yes,no,3.356,Tinggi,,,"FT Pulau Sambu : Mangrove. Wilayah Kerja: Sei Beduk, Batam"
2024,SH Downstream,SH C&T,Project,,,,,,,,,,,
2024,SH Downstream,SH R&P,RCC Blgn,,,,,,,,,,,
2024,SH Downstream,SH R&P,RDMP Blgn,,,,,,,,,,,
2024,SH Downstream,SH R&P,RDMP Clcp,,,,,,,,,,,
2024,SH Downstream,SH R&P,RU II Dumai,,70.45,,70.45,,,3.29,Tinggi,"1. Elang laut perut putih (Haliaeetus leucogaster) - LC
2. Elang ular bido (Spilornis cheela) - LC",,"1. Dipterocarpus cinereus (CR),
2. Shorea platyclados (NT)"
2024,SH Downstream,SH R&P,RU II SPK,,37.1,,37.1,,,3.47,Tinggi,"1. Elang Tikus - VU
2. Kerak Kerbau - VU",,"1. Kantong semar (Critically Endangered)
2. Blangeran (Vulnerable)"
2024,SH Downstream,SH R&P,RU III,,227.91,,227.91,,,3.059,Tinggi,"1. Belida juvenile/dewasa dan anakan (Chitala lopis). Status IUCN: Extinct (EX)
2. Monyet Ekor Panjang (Macaca fascicularis). Status IUCN: Endangered (EN)",,"1. Araucaria heterophylla (Cemara norflok). IUCN Redlist : VU (Vulnerable)
2. Hyophorbe lagenicaulis (Palem botol). IUCN Redlist : CR (Critically Endangered)"
2024,SH Downstream,SH R&P,RU IV,,4112.1,,4112.1,,,3.497,Tinggi,"1. Lutung Jawa (Trachypithecus auratus); IUCN Redlist : VU
2. Kucing Bakau (Prionailurus vivercinus); IUCN Redlist : EN",,"1. Merbau (Intsia bijuga (Colebr.) Kuntze); IUCN Redlist : NT
2. Jati (Tectona grandis L.f.); IUCN Redlist : EN"
2024,SH Downstream,SH R&P,RU V,,45,,45,,,2.74,Sedang,"1. Bondol rawa (Lonchura malacca) – LC (Redlist_IUCN)
2. Cabai bunga (Dicaeum trigonostigma) – LC (Redlist_IUCN)",,"1. Akasia ( Acacia auriculiformis) – LC (Redlist_IUCN)
2. Jambu mete (Anacardium occidentale) – LC (Redlist_IUCN)"
2024,SH Downstream,SH R&P,RU VI,,15.11,,15.11,,,3.145,Tinggi,1. Rusa Jawa ( Cervus timorrensis),4,"1. Glodokan tiang (Polyalthia longifolia (Sonn.) Thwaites)
2. Manoa (Annona reticulata L.)"
2024,SH Downstream,SH R&P,RU VII,,70.7,,70.7,,,3.245,Tinggi,"1. Mambruk Ubiaat (Dilindungi dan Vulnerable)
2. Rusa Timo (Dilindungi dan Vulnerable)",,"1. Araucaria heterophylla – Cemara Norfolk (VU/NA/Tidak Dilindungi)
2. Samanea saman – Trembesi (LC/NA/Tidak Dilindungi)"
2024,SH Downstream,SH R&P,Tuban Petro & TPPI,,,,,,,,,,,
2024,SH Gas,SH Gas,GAGAS,,,,,,,,,,,
2024,SH Gas,SH Gas,Gasnet,,,,,,,,,,,
2024,SH Gas,SH Gas,KJG,,,,,,,,,,,
2024,SH Gas,SH Gas,Nusantara Regas,,,,,,,,,,,
2024,SH Gas,SH Gas,PGN,,,,,,,,,,,
2024,SH Gas,SH Gas,PGN COM,,,,,,,,,,,
2024,SH Gas,SH Gas,PGN MAS Group,,,,,,,,,,,
2024,SH Gas,SH Gas,PLI Group,,,,,,,,,,,
2024,SH Gas,SH Gas,Perkasa,,,,,,,,,,,
2024,SH Gas,SH Gas,Perta Arun gas,,,,,,,,,,,
2024,SH Gas,SH Gas,Perta Daya Gas,,,,,,,,,,,
2024,SH Gas,SH Gas,Perta Samtan Gas,,,,,,,,,,,
2024,SH Gas,SH Gas,Pertagas,,,,,,,,,,,
2024,SH Gas,SH Gas,Pertagas Niaga,,,,,,,,,,,
2024,SH Gas,SH Gas,Pgas Solution,,,,,,,,,,,
2024,SH Gas,SH Gas,SAKA Energi Muriag Limited,,,,,,,,,,,
2024,SH Gas,SH Gas,SAKA Indonesia Pangkah Limited,,,,,,,,,,,
2024,SH Gas,SH Gas,Sena,,,,,,,,,,,
2024,SH Gas,SH Gas,TGI,,,,,,,,,,,
2024,SH Gas,SH Gas,Widar Mandripa Nusantara,,,,,,,,,,,
2024,SH PNRE,SH PNRE,PGE Area Kamojang,,,42.05,42.05,yes,yes,,,"Elang Jawa (Nisaetus bartelsi), status IUCN : Dilindungi Peraturan Perundang-undangan (DL), Endangered (EN)
Accipiter sp
Bubo sp
Butastur sp
Elanus sp
Falco sp
Haliaeetus sp
Haliastur sp
Hieraatus sp
Ichtianetus sp
Milvus sp
Pernis sp
Spilornis sp
Tyto sp",16,"Jumlah Individu: 393.677
Saurauia cauliflora (VU)
Actinodaphne glomerata (LC)
Schima wallichi, (LC),
Magnolia blumei (LC),
Ficus variegata,(LC)"
2024,SH PNRE,SH PNRE,PGE Area Karaha,,,0.23,0.23,yes,yes,,,,,"Alpukat aligator, Ki Damar, Puspa, dan Pinang Jawa (Persea americana, Agathis dammara, Schima wallichii, Pinanga javana)
Jumlah individu: 281"
2024,SH PNRE,SH PNRE,PGE Area Lahendong,,0.7,6.94,7.64,no,no,,,"Macaca nigra (Monyet Wolai/ Yak), Status IUCN : Dilindungi Peraturan Perundang-undangan (DL), Critically endangered (CR)",4,Krisan Kulo dan Krisan Riri (Chrysanthemum Indicum) : 42.000
2024,SH PNRE,SH PNRE,PGE Area Lumutbalai,,,1.21,1.21,yes,yes,,,,,
2024,SH PNRE,SH PNRE,PGE Area Sibayak,,,,,yes,no,,,,,
2024,SH PNRE,SH PNRE,PGE Area Ulubelu,,1.22,2.25,3.47,yes,yes,,,Kambing Saburai (endemik Ulubelu),,"Tarum/ Nila/ Indigo (Indigofera zollingeriana)
Jumlah Individu: 8.000"
2024,SH PNRE,SH PNRE,PPI,,,,,no,no,,,,,
2024,SH Upstream,SH Upstream,Badak NGL,,31.13,538.7,569.83,no,,3.803,Tinggi,"1. Orangutan (Pongo Pygmaeus) - CR
2. Bekantan (Nasalis larvatus) - EN
3. Owa Kelawat (Hylobates muelleri) - EN
4. Lutung Abu-Abu Kutai (Presbytis canicrus) - VU
5. Lutung Kelabu (Trachypithecus cristatus) - VU",85,"1. Meranti Merah (Shorea johorensis) - CR
2. Gaharu (Aquilaria malaccensis) - CR
3. Sawo Kecik (Chrysophyllum claraense) - CR
4. Anggrek Kelip (Phalaenopsis bellina) - NE"
2024,SH Upstream,SH Upstream,Elnusa,,,,,no,,,,,,
2024,SH Upstream,SH Upstream,PDSI,,5,,5,no,,,,,,
2024,SH Upstream,SH Upstream,Region 1,PT Pertamina EP Asset 1 Field Jambi,,2,2,,yes,2.579,Sedang,,,"1. Bulian (Eusideroxylon zwageri) - VU
2. Jelutung (Dyera polyphylla) - VU
3. Angsana (Pterocarpus indicus) - EN
4. Gaharu (Aquilaria malaccensis) - CR"
2024,SH Upstream,SH Upstream,Region 1,PT PHE Jambi Merang,39.62,4.05,43.67,,yes,2.665,Sedang,"1. Owa Ungko (Hylobates agilis) - EN
2. Gajah Sumatera (Elephas maximus sumatranus) - CR",0,"1. Jelutung (Dyera costulata) - LC
2. Pinang (Areca catechu) - DD
3. Petai (Parkia speciosa) - LC
4. Nanas (Ananas comosus)"
2024,SH Upstream,SH Upstream,Region 1,Pertamina Hulu Rokan,79725.34,2846.45,82571.79,,yes,3.22,Tinggi,"1. Owa Ungko (Hylobates agilis) - EN
2. Lutung Kelabu (Trachypithecus cristatus) - VU
3. Lutung Simpai (Presbytis melalophos) - EN
4. Beruk (Macaca nemestrina) - EN
5. Gajah Sumatera (Elephas maximus ssp sumatranus) - CR
6. Harimau Sumatera (Panthera tigris ssp sumatrae) - EN
7. Monyet Ekor Panjang (Macaca fascicularis) - EN
8. Kekah (Presbytis percura) - CR
9. Kukang (Nycticebus coucang) - EN
10. Lutung Kokah (Presbytis femoralis percura) - CR
11. Bantet Ekor Panjang (Psittacula longicauda) - VU
12. Kerak Kerbau (Acridotheres javanicus) - VU
13. Lainnya - LC",5159,"1. Mahoni (Swietenia macrophylla) - EN
2. Keruing (Dipterocarpus crinitus) - VU
3. Kelat Nasi (Syzygium zeylanicum) - EN
4. Gaharu Buaya (Aetoxylon sympetalum) - VU
5. Gaharu (Aquilaria malaccensis) - CR
6. Lainnya - LC"
2024,SH Upstream,SH Upstream,Region 1,PT PHE OK,,10,10,yes,,2.21,Sedang,"1. Ikan Belida Sumatera (Chitala lopis) - EN
2. Ikan Belida Kalimantan (Chitala borneensis) - LC",,1. Gaharu buaya (Aetoxylon sympetalum) - VU
2024,SH Upstream,SH Upstream,Region 1,PT PHE Raja Tempirai,,2.08,2.08,yes,,0.72,Rendah,,,1. Damar putih (Agathis labilladierei)
2024,SH Upstream,SH Upstream,Region 1,PT Pertamina EP Asset 1 Field Ramba,,24.54,24.54,yes,,1.29,Rendah,"1. Katak sawah -
2. Biawak -
3. Ular sawah -
4. Perkutut -
5. Babi hutan -
6. Monyet -",21,"1. Jelutung
2. Karet
3. Ketapang Talang
4. Laban
5. Pule
6. Mangga
7. Gelam"
2024,SH Upstream,SH Upstream,Region 1,PT Pertamina EP Asset 2 Field Prabumulih,210,184.9,394.9,yes,,1.32,Rendah,Gajah Sumatera (Elephas maximus ssp.sumatranus) - CR,,"1. Merawan (Hopea mengerawan) - CR
1. Merawan (Hopea mengerawan) - CR
2. Leda/Eucaliptus (Eucalyptus deglupta) - VU
3. Balau Merah (Shorea balangeran) - VU
4. Angsana (Pterocarpus indicus) - EN"
2024,SH Upstream,SH Upstream,Region 1,PT Pertamina EP Asset 2 Field Pendopo,444,0.5,444.5,yes,,3.5,Tinggi,"1. Empuloh Janggut (Alophoxus bres) - EN
2. Elang Tikus (Elanus Caeruleus) - LC
3. Elang Brontok (Nisaetus Cirhatus)- LC
4. Monyet Ekor Panjang (Macaca fascicularis)- EN",,"1. Petanang (Dryobalanops oblongifolia) - EN
2. Jakarinda (Jacaranda Mimisifolia) - VU
3. Pinus (Pinus Merkusi) - VU
4. Angsana (Pteracarpus Indicus) - EN
5. Meranti Belangir (Shorea balangeran) - VU
6. Mahoni (Swietenia macrophylla) - VU
7. Anggrek Bulan Jawa (Dendrelaphis Pictus ) - DL
8. Anggrek Kasut Kuning (Paphiopedilum Primulinum) - CR
9. Anggrek Kasut (Paphiodelium superbiens) - EN
10. Anggrek Bulan Sumatra (Phalaenopsis sumatrana) - DL
11. Anggrek Kelip (Phalaenopsis violacea) - VU"
2024,SH Upstream,SH Upstream,Region 1,PT Pertamina EP Asset 2 Field Limau,60.46,,60.46,no,,4.15,Tinggi,Macan Dahan (Neofelis diardii) - VU,,"1. Cempedak (Artocarpus integer) - VU
2. Beringin (Ficus benjamina) - DD
3. Salam (Syzygium polyanthum) - DD
4. Nangka Sayur (Artocarpus heterophyllus) - DD
5. Aren (Arenga pinata) - LC
6. Akar Wangi (Chrysopogon zizanioides) - DD"
2024,SH Upstream,SH Upstream,Region 1,PT Pertamina EP Asset 2 Field Adera,109.31,16.5,125.81,no,,2.07,Sedang,"1. Kucing emas - NT
2. Enggang cula (rangkong badak) - VU",3,"1. Tembesu (Fagraea fragrans) - 33
2. Kayu Aro (Ficus carica L. ) – 10
3. Spt Mahoni tp Putih (Swietenia macrophyla King) - 0
4. Karet (Hevea bransiliensis) – 26
5. Seru (Schima wallichii) – 10
6. Keliyat (Syzygium Sp.) – 0
7. Jengkol (Archidendron pauciflorum) – 3
8. Macaranga (Macaranga gigantea) – 4
9. Gaharu (Aquilaria malaccensis) – 30
10. Spt Mahoni (Swietinia macrophylla King) – 52
11. Kayu Asia – 0
12. Spt Salam (Syzygium polyantum) – 10
13. Mangga (Mangifera indica) – 41
14. Pinang (Areca catechu) – 5
15. Bintaro (Cerbera manghas) – 50
16. Trembesi (Samanea saman) – 82
17. Meranti (Shorea sp.) – 15
18. Bunga Tanjung (Mimusops elengi) – 55
19. Glodokan Tiang (Polyanthia longifolia) – 10
20. Cendana (Santalum album) – 35
21. Lamtoro (Leucaena leucocephala) – 4
22. Pulai (Alstonia scholaris) – 5
23. Jambu tengkalak (Bellucia pentamera) – 2
24. Tukulan (Blumeodendron tokbrai) – 4
25. Pulai (Alstonia pneumatophora) – 2
26. Ketapang (Terminalia catappa) - 5
27. Akasia (Acacia mangium) – 35
28. Lada (Piper Ningrum) – 2
29. Semerangi (Carallia brachiata) – 2
30. Beluluk (Dyospyros maingayi) – 8
31. Keruing (Dipterocarpus oblongifolius) – 5
32. Padma Raksasa (Rafflesia arnoldii) – 18
33. Eucalyptus rainbow (Eucalyptus deglupta) – 50
34. Damar Putih (Agathis labillardieri) – 6
35. Pohon Ara (Ficus) – 24"
2024,SH Upstream,SH Upstream,Region 2,PT PHE Offshore North West Java (PHE ONWJ),1.43,,1.43,yes,,3.35,Tinggi,"Penyu Sisik (Eretmochelys Imbricata) CR - 318 Ekor, di SM Pulau Rambut, Kepulauan Seribu",175,"1.Mangrove Bakau Hitam (Rhizophora mucronate) LC
2.Mangrove Api – Api Putih (Avicennia marina) LC
3.Mangrove Putut (Bruguiera gymnorrhiza) LC
4.Mangrove Buta – Buta (Excoecaria agalocha) LC
5.Mangrove Pidada Putih (Sonneratia alba) LC
6.Kelapa (Cocos sp) LC
7.Sukun (Artocarpus altilis) LC"
2024,SH Upstream,SH Upstream,Region 2,PT PHE - Operation of South East Sumatera (OSES),24.26,5.97,30.23,yes,,,,"1. Penyu Sisik (Eretmochelys imbricata) - CR
2. Karang Tanduk (Acropora cervicornis) - CR",1201,"1. Bakau kecil (Rhizophora stylosa) - LC
2. Bakau kurap (Rhizophora mucronata) - LC"
2024,SH Upstream,SH Upstream,Region 2,PT Pertamina EP Asset 3 Subang Field,40.6,,40.6,no,,2.68,Sedang,"1. Prinia familiaris (Prenjak Jawa) - NT
2. Pycnonotus aurigaster (Cucak Kutilang) - NT
3. Gonocephalus kuhlii (Bunglon Hutan) - VU
4. Nycticebus javanicus (Kukang Jawa) - CR
5. Hylobates moloch (Owa Jawa) - EN",5,1. Rhizophora mucronata (Bakau kurap) - LC
2024,SH Upstream,SH Upstream,Region 2,PT Pertamina EP Asset 3 Jatibarang Field,1.58,1.28,2.86,no,,3.154,Tinggi,"1. (TGNC) Macan tutul jawa - VU
2. (Komperta mundu) Gelatik Jawa - EN",,Saninten - EN
2024,SH Upstream,SH Upstream,Region 2,PT Pertamina EP Asset 3 Tambun Field,0.04,0.04,0.08,no,,2.207,Sedang,Surili (Presbytis comata) - VU,2,"1. Puspa (Shima walichii) - NA
2. Kibereum (Nauclea lanceolata) - LA
3. Rasamala (Althinga exelsa) - NA
4. Kisalam (Syzygium poliantum) - NA
5. Baros/manglid (Manglieta glauca) - NA"
2024,SH Upstream,SH Upstream,Region 3,Pertamina Hulu Mahakam (PHM),58.1,32.7,90.8,no,,3.824,Tinggi,Pesut Mahakam (Orcaella brevirostris) - EN,20,"1. Meranti Merah (Shorea balangeran) - VU,
2.Anggrek Hitam Kalimantan (Coelogyne pandurata) - N/A
3. Kedabu (Sonneratioa ovata) -NT"
2024,SH Upstream,SH Upstream,Region 3,Pertamina Hulu Sanga - Sanga (PHSS),,1288,1288,,yes,1.35,Rendah,"1. Udang Windu (Penaeus monodon) - NE
2. Botana ( Acanthurus) - LC
3. Betok kenari (Amblygliphidodon) - LC
4. Loloasi (Caesio) - LC
5. Kepe-kepe (Chaetodon) - LC
6. Ikan Jae Jae (Chromis) - LC
7. Ikan Wrasse Pelangi (Coris) - LC
8. Ikan Keling (Halichoeres) - LC
9. Ikan Dokter (Labroides) - LC
10.Ikan sirip pari ( Parapercis) - LC
11. Ikan Pisang (Pterocaesio) - LC
12.Ikan Kakatua (Scarus) - LC
13. Ikan Pasir-pasir (Scolopsis) - LC
14. Ikan Baronang - (Siganus) - LC
15.Ikan Karang (Thalassoma) - LC
16. Ikan Kuniran (Upeneus) - LC
17. Ikan Bendera (Zanclus) - LC",201,"1. Johar (Cassia siamea Lamk) - LC
2. Trembesi (Samanea saman) - LC
3. Beringin (Ficus benjamina) - NE
4. Gamal (Gliricidia sepium) - LC
5. Waru (Hisbicus tiliaceus) - LC
6. Pohon Saga (Adenanthera povonina) - LC
7. Kelapa Sawit (Elaeis) - NE
8. Jarak (Ricinus communis) - NE
9. Mahoni (S. macrophylla) - VU
10. Bayur (Pterospermum javanicum) - LC
11. Sulam (Portulaca grandiflora) - LC
12. Meranti (Shorea leprosula) - CR
13. Puspa (Schima wallichii) - CR
14. Jabon (Anthocephalus cadamba) - (Belum terdaftar di IUCN)"
2024,SH Upstream,SH Upstream,Region 3,PT Pertamina EP Assest 5 Field Sangatta *) & **),4.8,1606.42,1611.22,yes,,,,"1. Orangutan ( Pongo pygmaeus ) - CR
2. Bekantan ( Nasalis larvatus ) - EN
3. Beruang Madu ( Helarctos malayanus ) - VU
4. Bintang Ular ( Ophiopholis aculeate ) - Belum terdaftar di IUCN
5. Penyu Hijau ( Chelonia Mydas ) - EN
6. Julang Emas ( Rhyticeros undulatus ) - VU
7. Kangkareng hitang (Anthracoceros malayanus) - VU
8. Burung Rangkong (Buceros rhinoceros) - VU
9. Elang Tikus (Elanus caeruleus) - LC",4045,"1. Lahung ( Durio Graveolens ) - VU
2. Kerantungan ( Durio oxleyanusi ) - Belum terdaftar di IUCN
3. Prepat ( Sonneratia alba ) - LC
4. Bakau (Rhizophora sp. ) - Belum terdaftar di IUCN
5. Api - Api ( Avicenna alba ) - Belum terdaftar di IUCN
6. Api - Api ( Avicenna lanata ) - Belum terdaftar di IUCN
7. Nyamplung ( Calophyllum inophylum ) - Belum terdaftar di IUCN
8. Ketapang ( Terminalia catappa ) - LC
9. Bintaro ( Cerbera manghas ) - LC
10. Gaharu ( Aquilaria microcarpa ) - EN
11. Ulin ( Eusideroxylon zwageri ) - VU
12. Kemang (Mangifera caesia) - NT
13. Tengkawang Tungkul (Shorea stenoptera) - NT
14. Mangga Kasturi (Mangifera casturi ) - EW
15. Menggering (Koompassia excelsa) - Belum terdaftar di IUCN
16. Durian (Durio zibethinus) - Belum terdaftar di IUCN
17. Petai (Parkia speciosa) - LC
18. Rambutan (Nephelium lappaceum) - LC
19. Nangka (Artocarpus heterophyllus) - Belum terdaftar di IUCN
20. Rambai (Baccaurea motleyana) - LC
21. Cempedak (Artocarpus integer) - LC
22. Blangeran (Shorea balangeran) - VU
23. Kapur - (Dryobalanops aromatica) - VU
24. Gaharu (Aquilaria malaccensis) - CR
25. Daun Salam )Syzygium polyanthum) - Belum terdaftar di IUCN
26. Aren (Arenga pinnata) - LC
27. Karet (Hevea brasiliensis) - LC
28. Pohon Asoka (Sacara Asoca) - VU"
2024,SH Upstream,SH Upstream,Region 3,PT Pertamina EP Asset 5 Field Sanga-Sanga,2000,7.5,2007.5,yes,,1.239,Rendah,"1. Bekantan (Nasalis larvatus) - EN
2. Orang Utan Kalimantan (Pongo pygmaeus) - EN",27,"1. Gamal (Gliricidia sepium) - VU
2. Daun Salam (Syzghium polyanthum) - VU
3. Balangeran (Shorea balangeran) - VU
4. Leprosula (Shorea leprosula) - VU
5. Gaharu (Aquilaria malaccensis) - VU
6. Durian (Durio zibethinus) - DD
7. Rambai (Baccaurea mottleyana) - DD
8. Kecapi (Sandoricim koetjape) - DD
9. Rambutan (Nephelium lappaceum) - LC"
2024,SH Upstream,SH Upstream,Region 3,PT Pertamina EP Asset 5 Field Tanjung,,3.8,3.8,no,,1.175,Rendah,1 . Rusa Sambar (Cervus unicolor) - VU,10,"1. Nangkadak (A. heterophyllus x integer) - DD
2. Akasia (Acacia auriculiformis) - LC
3. Sri Rezeki (Aglaonema crispum) - DD
4. Aglonema heng heng (Aglaonema sp) - DD
5. Sengon (Albizia sp) - LC
6. Kemiri (Aleurites moluccana) - LC
7. Keladi Amazon (Alocasia amazonica) - DD
8. Keladi Tengkorak Kalimantan (Alocasia cuprea) - DD
9. Keladi White Queen (Alocasia White Queen) - DD
10. Sirsak (Annona muricata) - LC
11. Srikaya (Annona squamosa) - LC
12. Kuping Gajah (Anthurium crystallinum) - DD
13. Palem Ekor Ikan (Arecaceae Caryota mitis) - LC
14. Palem (Arecaceae Hyophorbe lagenicaulis) - CR
15. Sukun (Artocarpus communis) - DD
16. Cempedak (Artocarpus integer) - LC
17. Pakcoy (Brassica rapa L) - DD
18. Bromelia (Bromelia cryptantus Red) - DD
19. Keladi Red Flash (Caladium red flash - DD
20. Calathea (Calathea medallion) - DD
21. Cabai Habanero (Capsicum chinense) - DD
22. Johar (Casia siamea) - DD
23. Jengger Ayam (Celosia argentea L) - DD
24. Cemara Pua Pua (Cemara Pua Pua) - DD
25. Bintaro (Cerbera manghas) - LC
26. Palem Komodaria (Chamaedorea elegans) - DD
27. Seruni (Chrysanthemum Inodoru ) - DD
28. Jeruk Purut (Citrus hystri ) - LC
29. Kelapa (Cocos nucifera) - DD
30. Kelapa Gading (Cocos nucifera L) - DD
31. Anggrek Hitam (Coelogyne pandurata) - DD
32. Puring (Croton sp) - EN
33. Bintang Bumi (Cryptanthus bivittatus) - DD
34. Temu Ireng (Curcuma aeruginosa Roxb) - DD
35. Temulawak (Curcuma xanthorriza) - DD
36. Kunyit Putih (Curcuma zedoaria) - DD
37. Pinang merah (Cyrthostachis lakka) - DD
38. Anggrek Dendrobium (Dendrobium macrophyllum) - LC
39. Kelengkeng (Dimocarpus longan Lou ) - DD
40. kapur (Dryobalanops aromatica) - VU
41. Lai (Durio kutejensis) - VU
42. Durian (Durio zibethinus ) - DD
43. Stanhopea (Echeveria chihuahuaensis) - DD
44. Sawit (Elaeis) - LC
45. Bawang Dayak (Eleutherine palmifolia) - DD
46. Sawit (Ellais guinnensis) - DD
47. Ulin (Eusideroxylon zwageri) - VU
48. Kayu Ara (Ficus adenosperma) - LC
49. Beringin (Ficus benjamina) - LC
50. Gamal (Gliricidia sepium) - LC
51. Anggrek tebu (Grammatophyllum speciosum Blume) - DD
52. Kaktus Gymno Hijau (Gymnocalycium Damsii) - DD
53. Palem Bor (H. lagenicaulis) - DD
54. Tabebuya (Handroanthus chrysotrichus - DD
55. Karet (Hevea braciliensis) - DD
56. Kaktus Huernia (Huernia zebrina) - DD
57. Gayam (Inocarpus fagifer) - LC
58. Melati Jakarta (Jasminum elongatum) - DD
59. Selada (Lactuca sativa) - DD
60. Langsat Tanjung (Lansium domesticum) - DD
61. Mangga kasturi (Mangifera casturi) - EW
62. Mangga (Mangifera sp) - DD
63. Pohon Tanjung (Mimusops elengi) - LC
64. Monstera Borsigiana (Monstera Borsigiana) - DD
65. Mengkudu (Morinda citrifolia, L) - DD
66. Nusa Indah Putih (Mussaenda pubescens) - DD
67. Kantong Semar Rawa (Nepenthes mirabilis) - LC
68. Rambutan (Nephelium lappaceum) - LC
69. Kemangi (Ocimum africanum) - DD
70. Kumis Kucing (Orthosiphon aristatus) - DD
71. Daun Pandan (Pandanus amaryllifolius) - DD
72. Sengon (Paraserianthes falcataria) - DD
73. Petai (Parkia speciosa) - LC
74. Sungkai (Peronema canescens) - LC
75. Angsana (Peterocarpus sp) - DD
76. Anggrek Bulan (Phalaenopsis amabilis) - DD
77. Philo Jari (Philodendron selloum) - DD
78. Pinus (Pinus merkusii) - VU
79. Sirih Hijau (Piper betle L) - DD
80. Sirih Merah (Piper crocatum) - DD
81. Miana (Plectranthus scutellarioides) - DD
82. Beluntas (Pluchea indica) - DD
83. Glodokan Tiang (Polyalthia longifolia) - LC
84. Sancang (Premna microphylla) - LC
85. Jambu Biji (Psidium guajava) - LC
86. Angsana ( Pterocarpus indicus) - EN
87. Mawar Putih (Rosa alba L) - DD
88. Terembesi (Samanea saman) - LC
89. Terembesi (Samanea saman) - LC
90. Terembesi (Samania saman) - LC
91. Sentul (Sandoricum koetjape) - VU
92. Lidah Mertua (Sansevieria trifasciata lauretii) - DD
93. Johar (Senna siamea) - LC
94. Meranti (Shorea leprosula) - NT
95. Kayu meranti (Shorea macrophylla) - LC
96. Anggrek Sendok (Spathoglottis zurea) - DD
97. Pohon Hujan (Spathoidea campanulata) - DD
98. Mahoni (Swietenia mahagoni) - NT
99. Pohon Loba (Symplocos sp) - DD
100. Jambu Air (Syzygium aqueum) - LC
101. Jambu Air (Syzygium aqueum) - LC
102. Ketapang (Terminalia catappa) - LC
103. Keladi Tikus (Typhonium flagelliforme) - LC
104. Laban (Vitex pinnata) - LC
105. Palem Ekor Tupai (Wodyetia bifurcata) - DD
106. Jahe (Zingiber officinale) - DD"
2024,SH Upstream,SH Upstream,Region 3,Pertamina Hulu Kalimantan Timur (PHKT),179.51,479.87,659.38,no,,3.245,Tinggi,"1. Bangau Tong Tong (Leptoptilos javanicus) - VU
2. Gelatik Jawa (Lonchura oryzivora) - EN
3. Kerak Kerbau (Acridotheres javanicus) - VU
4. Monyet Ekor Panjang (Macaca fascicularis) - EN
5. Lutung Kelabu (Trachypithecus cristatus) - NT
6. Bekantan (Nasalis larvatus) - EN
7. Kuya Batok (Cuora amboinensis) - VU
8. Beruk (Macaca nemestrina) - EN
9. Owa Kelawat (Hylobates muelleri) - EN
10. Rusa Sambar (Cervus unicolor) - VU
11. Orang Utan (Pongo pygmaeus) - CR",30,"1. Simpur (Dillenia borneesis) - VU
2. Meranti Merah (Shorea balangeran) - VU
3. Ulin (Eusideroxylon zwageri) - VU
4. Durian Burung (Durio acutifolius) - VU
5. Lai (Durio kutejensis) - VU
6. Bintawak (Artocarpus anisophyllus) - VU
7. Gaharu (Aqualaria malaccensis) - CR
8. Mersawa Tenam (Anisoptera marginata) - VU"
2024,SH Upstream,SH Upstream,Region 3,PT Pertamina EP Asset 5 Field Bunyu,804.9,,804.9,no,,2.449,Sedang,"1. Konservasi Bekantan di Area Konservasi Nibung, Area Konservasi Mangrove dan Area Konservasi Bekantan
1.1 Bekantan (Nasalis larvatus) – EN
1.2 Monyet Ekor-panjang (Macaca fascicularis) – EN
1.3 Babi Berjenggot (Sus barbatus) – VU
1.4 Trenggiling (Manis javanica) – CR
1.5 Musang Luwak (Paradoxurus hermaphroditus) – LC
1.6 Beruk (Macaca nemestrina) – EN
1.7 Codot Krawar (Cynopterus brachyotis) – LC
1.8 Landak Raya (Hystrix brachyura) – LC
1.9 Tupai sp. (Muridae sp.)
1.10 Rattus sp (Rattus sp.)
1.11 Berang-Berang (Lutra sp) – EN
1.12 Bajing Kelapa (Callosciurus notatus) – LC
1.13 Mentilin (Tarsius bancanus) – VU
1.14 Musang Tenggalung (Viverra tangalunga) – LC

2. Konservasi Elang Laut Perut Putih di Area Konservasi Pulau Bunyu
2.1 Remetuk Laut (Gerygone sulphurea) – LC
2.2 Elang laut perut-putih (Haliaeetus leucogaster) – LC
2.3 Elang bondol (Haliastur indus) – LC
2.4 Raja-udang Meninting (Alcedo meninting) – LC
2.5 Cekakak Sungai (Todirhamphus chloris) – LC
2.6 Kapinis rumah (Apus nipalensis) – LC
2.7 Cangak abu (Ardea cinerea) – LC
2.8 Kuntuk kerbau (Bubulcus ibis) – LC
2.9 Kuntul kecil (Egretta garzetta) – LC
2.10 Kuntul perak (Egretta intermedia) – LC
2.11 Kekep babi (Artamus leucorhynchus) – LC
2.12 Kapasan kemiri (Lalage nigra) – LC
2.13 Pergam hijau (Ducula aenea) – LC
2.14 Perkutut jawa (Geopelia striata) – LC
2.15 Tekukur biasa (Streptopelia chinensis) – LC
2.16 Punai gading (Treron vernans) – LC
2.17 Tiong lampu biasa (Eurystomus orientalis) – LC
2.18 Wiwik kelabu (Cacomantis merulinus) – LC
2.19 Bondol Kalimantan* (Lonchura fuscans*) – LC
2.20 Layang-layang batu (Hirundo tahitica) – LC
2.21 Apung Tanah (Anthus novaeseelandiae) – LC
2.22 Burung-madu sriganti (Nectarinia jugularis) – LC
2.23 Caladi tilik (Dendrocopos moluccensis) – LC
2.24 Betet ekor-panjang (Psittacula longicauda) – VU
2.25 Kareo padi (Amaurornis phoenicurus) – LC
2.26 Kipasan belang (Rhipidura javanica) – LC
2.27 Elang Hitam (Ictinaetus malaiensis) – LC
2.28 Elang Tikus (Elanus caeruleus) – LC
2.29 Elang Tiram (Pandion haliaetus) – LC
2.30 Cipoh Kacat (Aegithina tiphia) – LC
2.31 Pekakak Emas (Pelargopsis capensis) – LC
2.32 Udang Api (Ceyx erithaca) – LC
2.33 Pecuk Ular Asia (Anhinga melanogaster) – NT
2.34 Walet Palem Asia (Cypsiurus balasiensis) – LC
2.35 Wallet (Collocalia sp.) – LC
2.36 Kengkareng Perut Putih (AntheracocerosMalayanus) – LC
2.37 Cabak Kota (Caprimulgus affinis) – LC
2.38 Cinenen Kelabu (Orthotomus ruficeps) – LC
2.39 Cinenen Belukar (Orthotomus atrogularis) – LC
2.40 Perenjak Rawa (Prinia flaviventris) – LC
2.41 Bangau Tong Tong (Leptoptilos javanicus) – VU
2.42 Delimukan Zamrud (Chalcophaps indica) – LC
2.43 Gagak Hutan (Corvus enca) – LC
2.44 Bubut Alang-Alang (Centropus bengalensis) – LC
2.45 Bubut Besar (Centropus sinensis) – LC
2.46 Kadalan Birah (Phaenicophaeus curvirostris) – LC
2.47 Wiwik Uncuing (Cacomantis variolosus) – LC
2.48 Cabai Bunga Api (Dicaeum trigonostigma) – LC
2.49 Bondol Peking (Lonchura punctulate) – LC
2.50 Bondol Rawa (Lonchura malacca) – LC
2.51 Sempur Hujan Darat (Eurylaimus ochromalus) – LC
2.52 Takur Tenggeret (Psilopogon duvaucelii) – LC
2.53 Kirik-Kirik Biru (Merops viridis) – LC
2.54 Burung Madu Kelapa (Anthreptes malacensis)
2.55 Burung Madu Polos (Anthreptes simplex) – LC
2.56 Pijantung Kecil (Arachnothera longirostra) – LC
2.57 Burung Gereja (Passer montanus) – LC
2.58 Pelatuk Merah (Chrysophlegma miniaceum) – LC
2.59 Caladi Batu (Meiglyptes tristis) – LC
2.60 Cucak Kutilang (Pycnonotus aurigaster) – LC
2.61 Merbah Cerukcuk (Pycnonotus goiavier) – LC
2.62 Merbah Mata Merah (Pycnonotus brunneus) – LC
2.63 Tiong Emas (Gracula religiosa indica) – LC
2.64 Kerak Kerbau (Acridotheres javanicus) – VU
2.65 Perling Kumbang (Aplonis panayensis) – LC
2.66 Ciung Air Coreng (Macronus gularis) – LC
2.67 Burung Madu Sepah Raja (Aethopyga siparaja) – LC

3. Pembangunan Menara Bird Hide di Area Konservasi Pulau Bunyu
3.1 Remetuk Laut (Gerygone sulphurea) – LC
3.2 Elang laut perut-putih (Haliaeetus leucogaster) – LC
3.3 Elang bondol (Haliastur indus) – LC
3.4 Raja-udang Meninting (Alcedo meninting) – LC
3.5 Cekakak Sungai (Todirhamphus chloris) – LC
3.6 Kapinis rumah (Apus nipalensis) – LC
3.7 Cangak abu (Ardea cinerea) – LC
3.8 Kuntuk kerbau (Bubulcus ibis) – LC
3.9 Kuntul kecil (Egretta garzetta) – LC
3.10 Kuntul perak (Egretta intermedia) – LC
3.11 Kekep babi (Artamus leucorhynchus) – LC
3.12 Kapasan kemiri (Lalage nigra) – LC
3.13 Pergam hijau (Ducula aenea) – LC
3.14 Perkutut jawa (Geopelia striata) – LC
3.15 Tekukur biasa (Streptopelia chinensis) – LC
3.16 Punai gading (Treron vernans) – LC
3.17 Tiong lampu biasa (Eurystomus orientalis) – LC
3.18 Wiwik kelabu (Cacomantis merulinus) – LC
3.19 Bondol Kalimantan* (Lonchura fuscans*) – LC
3.20 Layang-layang batu (Hirundo tahitica) – LC
3.21 Apung Tanah (Anthus novaeseelandiae) – LC
3.22 Burung-madu sriganti (Nectarinia jugularis) – LC
3.23 Caladi tilik (Dendrocopos moluccensis) – LC
3.24 Betet ekor-panjang (Psittacula longicauda) – VU
3.25 Kareo padi (Amaurornis phoenicurus) – LC
3.26 Kipasan belang (Rhipidura javanica) – LC
3.27 Elang Hitam (Ictinaetus malaiensis) – LC
3.28 Elang Tikus (Elanus caeruleus) – LC
3.29 Elang Tiram (Pandion haliaetus) – LC
3.30 Cipoh Kacat (Aegithina tiphia) – LC
3.31 Pekakak Emas (Pelargopsis capensis) – LC
3.32 Udang Api (Ceyx erithaca) – LC
3.33 Pecuk Ular Asia (Anhinga melanogaster) – NT
3.34 Walet Palem Asia (Cypsiurus balasiensis) – LC
3.35 Wallet (Collocalia sp.) – LC
3.36 Kengkareng Perut Putih (AntheracocerosMalayanus) – LC
3.37 Cabak Kota (Caprimulgus affinis) – LC
3.38 Cinenen Kelabu (Orthotomus ruficeps) – LC
3.39 Cinenen Belukar (Orthotomus atrogularis) – LC
3.40 Perenjak Rawa (Prinia flaviventris) – LC
3.41 Bangau Tong Tong (Leptoptilos javanicus) – VU
3.42 Delimukan Zamrud (Chalcophaps indica) – LC
3.43 Gagak Hutan (Corvus enca) – LC
3.44 Bubut Alang-Alang (Centropus bengalensis) – LC
3.45 Bubut Besar (Centropus sinensis) – LC
3.46 Kadalan Birah (Phaenicophaeus curvirostris) – LC
3.47 Wiwik Uncuing (Cacomantis variolosus) – LC
3.48 Cabai Bunga Api (Dicaeum trigonostigma) – LC
3.49 Bondol Peking (Lonchura punctulate) – LC
3.50 Bondol Rawa (Lonchura malacca) – LC
3.51 Sempur Hujan Darat (Eurylaimus ochromalus) – LC
3.52 Takur Tenggeret (Psilopogon duvaucelii) – LC
3.53 Kirik-Kirik Biru (Merops viridis) – LC
3.54 Burung Madu Kelapa (Anthreptes malacensis) – LC
3.55 Burung Madu Polos (Anthreptes simplex) – LC
3.56 Pijantung Kecil (Arachnothera longirostra) – LC
3.57 Burung Gereja (Passer montanus) – LC
3.58 Pelatuk Merah (Chrysophlegma miniaceum) – LC
3.59 Caladi Batu (Meiglyptes tristis) – LC
3.60 Cucak Kutilang (Pycnonotus aurigaster) – LC
3.61 Merbah Cerukcuk (Pycnonotus goiavier) – LC
3.62 Merbah Mata Merah (Pycnonotus brunneus) – LC
3.63 Tiong Emas (Gracula religiosa indica) – LC
3.64 Kerak Kerbau (Acridotheres javanicus) – VU
3.65 Perling Kumbang (Aplonis panayensis) – LC
3.66 Ciung Air Coreng (Macronus gularis) – LC
3.67 Burung Madu Sepah Raja (Aethopyga siparaja) – LC

4. BEATLES (Balembangan Sea Turtle Ecopark & Conservation)
4.1 Ikan Pelagis (Selaroides leptolepis) – LC
4.2 Ikan Demersal (Lobocheilos falcifer) – VU
4.3 Ikan Karang (Cheilinus undulatus Rupell)
4.4 Ikan Kerapu (Epinephelus sp.)
4.5 Ikan Muka Sebelah (Psettodes erumei) – DD
4.6 Penyu Hijau (Chelonia mydas) – EN
4.7 Penyu Sisik (Eretmochelys imbricata) – CR

5. EKOLEGON (Ekowisata Cemara Laut dalam Peningkatan Populasi Elang Bondol
5.1 Elang bondol (Haliastur indus) – LC",18,"1. Konservasi Aneka Mangrove di Area Konservasi Mangrove Terminal
1.1 Api-Api Putih (Avicennia alba Blume) – LC
1.2 Api-Api (Avicennia marina) – LC
1.3 Teruntum Merah (Lumnitzera littorea (Jack) Voigt) – LC
1.4 Nipah (Nypa fruticans Wurmb) – LC
1.5 Perepat (Sonneratia alba Sm.) – LC
1.6 Ceriops Tagal
1.7 Bakau (Rhizopora mucronata)
1.8 Bruguiera cylindrica
1.9 Rhizopora apiculate – LC

2. AFLIEN (Pelestarian Flora Area Konservasi Nibung)
2.1 Jemating (Baccaurea bracteata Müll.Arg.)
2.2 Dungin (Dillenia suffruticosa (Griff.) Martelli)
2.3 Alad Sadik (Gaertnera vaginans (DC.) Merr.)
2.4 Merkubung (Glochidion lutescens Blume) – LC
2.5 Dampul (Glochidion zeylanicum (Gaertn.) A.Juss.) – LC
2.6 Jirak (Guioa diplopetala (Hassk.) Radlk.) – LC
2.7 Medang Pasir (Litsea elliptica Blume) – LC
2.8 Jemating (Polyscias aherniana (Merr.) Lowry & G.M.Plunkett)
2.9 Jirak (Symplocos cochinchinensis (Lour.) S.Moore)
2.10 Akasia Daun Kecil (Acacia auriculiformis A.Cunn. ex Benth.) – LC
2.11 Akasia Daun Besar (Acacia mangium Willd.) – LC
2.12 Pinang (Areca catechu L.) – DD
2.13 Balung Kopen (Canthiumera robusta K.M.Wong & X.Y.Ng)
2.14 Medang (Litsea umbellata (Lour.) Merr.) – LC
2.15 Merkubung (Macaranga gigantea (Rchb.f. & Zoll.) Müll.Arg.)
2.16 Jirak (Symplocos cochinchinensis (Lour.) S.Moore)
2.17 Trembesi (Samanea Saman) – LC
2.18 Kelengkeng (Dimocarpus longan) – DD
2.19 Nangka (Artocarpus heterophyllus Lamk)
2.20 Durian (Durio Zibethinus) – DD
2.21 Rambutan (Nephelium lappaceum) – LC

3. ESFLONTA (Pelestarian Flora Area Konservasi Telaga Patra)
3.1 Bajan (Antidesma leucopodum Miq.) – LC
3.2 Jering Paya (Archidendron clypearia (Jack) I.C.Nielsen) – LC
3.3 Dungin (Dillenia suffruticosa (Griff.) Martelli)
3.4 Kayu Hitam (Diospyros siamang Bakh.)
3.5 Buah Tamang (Elaeocarpus submonoceras Miq.) – VU
3.6 Kaju Djottik (Fagraea ceilanica Thunb.)
3.7 Jirak (Guioa diplopetala (Hassk.) Radlk.) – LC
3.8 Medang Piwaras (Lindera lucida (Blume) Boerl.) – LC
3.9 Medang Pasir (Litsea elliptica Blume) – LC
3.10 Medang (Litsea umbellata (Lour.) Merr.) – LC
3.11 Temberas (Memecylon paniculatum Jack)
3.12 Jemating (Polyscias aherniana (Merr.) Lowry & G.M.Plunkett)
3.13 Jirak (Symplocos cochinchinensis (Lour.) S.Moore)
3.14 Terentang (Campnosperma auriculatum (Blume) Hook.f.) – LC
3.15 Nyawai (Ficus variegata Blume) – LC
3.16 Pagar-Pagar (Ixonanthes petiolaris Blume)
3.17 Mahang (Macaranga conifera (Rchb.f. & Zoll.) Müll.Arg.)
3.18 Temberas (Memecylon acuminatissimum Blume)
3.19 Trembesi (Samanea Saman)

4. FLOKAHAR 1 (Pelestarian Flora Area Konservasi Gaharu 1)
4.1 Gaharu (Aquilaria malaccensis Lam.) – CR
4.2 Jengkol (Archidendron jiringa (Jack) I.C. Nielsen) – LC
4.3 Petai (Parkia speciosa Hassk.) – LC
4.4 Nangka (Artocarpus integer (Thunb.) Merr.)
4.5 Durian (Durio zibethinus L.) – DD
4.6 Tangkil (Gnetum gnemon L.) – LC
4.7 Nangka (Artocarpus heterophyllus Lamk)
4.8 Durian (Durio Zibethinus) – DD
4.9 Kelengkeng (Dimocarpus longan) – DD

5. FLOKAHAR 2 (Pelestarian Flora Area Konservasi Gaharu 2)
5.1 Sebasah (Aporosa frutescens Blume) – LC
5.2 Terap (Artocarpus anisophyllus Miq.) – VU
5.3 Terap (Artocarpus odoratissimus Blanco) – NT
5.4 Dungin (Dillenia suffruticosa (Griff.) Martelli)
5.5 Ara Bumi (Ficus uncinata (King) Becc.)
5.6 Dampul (Glochidion zeylanicum (Gaertn.) A. Juss.) – LC
5.7 Darah-Darah (Knema laurina (Blume) Warb.) – LC
5.8 Rambutan Hutan (Nephelium cuspidatum Blume) – LC
5.9 Pinang (Areca catechu L.) – LC
5.10 Nangka Air (Artocarpus kemando Miq.) – NT
5.11 Kayu Ara (Ficus aurata (Miq.) Miq.) – LC
5.12 Benying (Ficus fistulosa Reinw. ex Blume) – LC
5.13 Ara Bumi (Ficus uncinata (King) Becc.) – LC
5.14 Jirak (Guioa diplopetala (Hassk.) Radlk.) – LC
5.15 Pagar-Pagar (Ixonanthes petiolaris Blume) – LC
5.16 Merkubung (Macaranga gigantea (Rchb.f. & Zoll.) Müll.Arg.) – LC
5.17 Mangga (Mangifera indica L.) – DD
5.18 Rambutan (Nephelium lappaceum L.) – LC
5.19 Trembesi (Samanea Saman) – LC

6. FLOKANTAN (Pelestarian Flora Area Konservasi Bekantan)
6.1 Akasia Daun Besar (Acacia mangium Willd.) – LC
6.2 Merkubung (Glochidion lutescens Blume)
6.3 Mahang (Macaranga conifera (Rchb.f. & Zoll.) Müll.Arg.) – LC
6.4 Merkubung (Macaranga gigantea (Rchb.f. & Zoll.) Müll.Arg) – LC
6.5 Karamunting (Melastoma malabathricum L.)
6.6 Pternandra cogniauxii M.P.Nayar – LC
6.7 Bawaing (Adinandra dumosa Jack) – LC
6.8 Pternandra cogniauxii M.P.Nayar – LC
6.9 Kecapi (Sandoricum koetjape (Burm.f.) Merr.) – VU
6.10 Jirak (Symplocos cochinchinensis (Lour.) S.Moore) – LC
6.11 Jirak (Symplocos cochinchinensis (Lour.) S.Moore) – LC
6.12 Jambu-Jambu (Syzygium borneense (Miq.) Miq.)
6.13 Kopi-Kopi (Urophyllum polyneurum Miq.) – LC
6.14 Trembesi (Samanea Saman) – LC

7. Artificial Mangrove Tide
7.1 Ceriops Tagal – LC
7.2 Rhizopora mucronata
7.3 Avicennia alba – LC
7.4 Bruguiera cylindrica – LC
7.5 Rhizopora apiculata
7.6 Sonneratia alba – LC"
2024,SH Upstream,SH Upstream,Region 3,PT Pertamina EP Asset 5 Field Tarakan,130,2,132,yes,,2.91,Sedang,Bekantan (Nasalis larvatus) - EN,0,"Tarap (Artocarpus odoratissimus) - NT
Agathis (Agathis borneensis) - EN"
2024,SH Upstream,SH Upstream,Region 4,PT Pertamina EP Asset 4 Field Cepu,0.5,,0.5,no,,0,Rendah,Rusa Timor (Cervus temorensis) - LC,,
2024,SH Upstream,SH Upstream,Region 4,,57.05,,57.05,no,,1.74,Rendah,,,"1. Matoa (Pometia pinnata) - LC
2. Beringin (Ficus benjamina) - LC
3. Trembesi (Samanea saman) - LC
4. Sawo (Manikara zapota) - LC
5. Mangga (Mangifera indica) - DD
6. Kelengkeng (Dimocarpus longan) - DD
7. Cemara Laut (Casuarina equisetifolia) - LC
8. Kelapa (Cocos mucifera) - LC
9. Jambu Kristal (Psidium guajava) - LC
10. Sirsak (Annona muricata) - LC
11. Jati (Tectona grandis) - EN
12. Nangka (Artocarpus heterophyllus) - LC
13. Ketapang (Terminalia catappa) - LC"
2024,SH Upstream,SH Upstream,Region 4,,0.4,,0.4,no,,0,Rendah,,,Mahoni (Swietenia mahagoni) - NT
2024,SH Upstream,SH Upstream,Region 4,,4,,4,no,,1.1,Rendah,,,"1. Alpukat (Persea americana) - LC
2. Jambu Deli Madu (Syzygium aqueum) - LC"
2024,SH Upstream,SH Upstream,Region 4,,61.4,,61.4,no,,1.507,Rendah,"1. Belalang Tanduk Pendek (Caryanda sparia) - LC
2. Lebah Kayu Tropis (Xylocopa latipes) - LC
3. Wereng Daun (Bothrogonia addita) - LC
4. Semut Gila Kuning (Anoplolepis gracilis) - LC
5. Semut Rangrang (Oecophylla smaragdina) - LC
6. Gelombang Krim (Scopula perlata) - LC
7. Flat Salju Biasa (Tagiades japetus) - LC
8. Kupu-kupu Ercis Pelupa (Catochrysops strabo) - LC
9. Kupu-kupu Cerulean Gelap (Jamides bochus) - LC
10. Kupu-kupu Rumput Biru Kecil (Zizina otis) - LC
11. Kupu-kupu Sayap Elips Biru (Zizula hylax) - LC
12. Kupu-kupu Merak Coklat (Junonia hedonia) - LC
13. Semut Kayap (Paederus sp.) - LC
14. Elang-Ular Bido (Spilornis cheela) - LC
15. Walet Linchi (Collocalia linchi) - LC
16. Perkutut Jawa (Geopelia striata) - LC
17. Burung Cabai Jawa (Dicaeum trochileum) - LC
18. Burung Madu Sriganti (Cinnyris jugularis) - LC
19. Cucak Kutilang (Pycnonotus aurigaster) - LC
20. Katak Tegalan (Fejervarya limnocharis) - LC
21. Kodok Sawah (Fejervarya cancrivora) - LC
22. Percil Jawa (Microhyla achatina) - LC
23. Codot Krawar (Cynopterus brachyotis) - LC",,
2024,SH Upstream,SH Upstream,Region 4,PT Pertamina EP Asset 4 Field Sukowati,3.5,,3.5,no,,0,Rendah,,,1. Bakau Hitam (Rhizophora mucronata) - LC
2024,SH Upstream,SH Upstream,Region 4,,6.19,,6.19,no,,3.164,Tinggi,,,"1. Palem (Cyrtostachys renda) - LC
2. Pisang (Musa paradisiaca) - LC
3. Mangga gadung (Mangifera indica) - LC
4. Mangga harum manis (Mangifera indica) - LC
5. Asam (Tamarindus indica) - LC
6. Jambu biji (Psidium guajava) - LC
7. Kersen (Muntingia calabura) - LC
8. Trembesi (Samanea saman) - LC
9. Mindi (Melia azedarach) - LC
10. Waru (Hibiscus tiliaceus) - LC
11. Angsana (Pterocarpus indicus) - EN
12. Johar (Senna siamea) - LC
13. Lamtoro (Leucaena leucocephala) - CD
14. Tanjung (Mimusops elengi) - LC
15. Jati (Tectona grandis) - EN
16. Nangka (Artocarpus heterophyllus) - LC
17. Mahoni (Swietenia mahagoni) - NT
18. Sengon (Albizia chinensis) - LC
19. Randu (Ceiba pentandra) - LC
20. Gayam (Inocarpus fagifer) - LC
21. Bunga gading (Epipremnum aureum) - LC
22. Bambu (Chusquea bambusoides) - LC
23. Keluwih (Artocarpus camansi) - NT
24. Srikaya (Annona squamosa) - LC
25. Kelengkeng (Dimocarpus longan) - DD
26. Pucuk Merah (Syzygium alternifolium) - EN
27. Jaranan (Lannea coromandelica) - LC
28. Mengkudu (Morinda citrifolia) - LC
29. Belimbing (Averrhoa carambola) - DD
30. Sawo (Manilkara zapota) - LC
31. Sirsak (Annona muricata) - LC
32. Ketapang (Terminalia catappa) - LC
33. Kelapa (Cocos nucifera) - LC
34. Kawista (Limonia alata) - LC
35. Kemiri sunan (Reutealis trisperma) - NT
36. Mangga lalijiwa (Mangifera lalijiwa) - VU
37. Sawo kecik (Manilkara kauki) - DD
38. Kesemek (Diospyros kaki) - LC"
2024,SH Upstream,SH Upstream,Region 4,,9.28,,9.28,no,,0,Rendah,,,1. Mangrove Api - Api ( Avicennia Marina) - LC
2024,SH Upstream,SH Upstream,Region 4,,12.37,,12.37,no,,0,Rendah,,,1. Cemara laut (Casuarina equisetifolia) - LC
2024,SH Upstream,SH Upstream,Region 4,,2.13,,2.13,no,,1.56,Rendah,,,"1. Mangga (Mangifera indica) - LC
2. Jambu Kristal (Syzygium aqueum) - LC
3. Nangka Thailand (Artocarpus heterophyllus) - LC
4. Sirsak Madu (Annona muricata L) - LC
5. Alpukat (Persea americana) - LC"
2024,SH Upstream,SH Upstream,Region 4,,0.04,,0.04,no,,1,Rendah,,,"1. Trembesi (Samanea saman) - LC
2. Ketapang (Terminalia catappa) - LC
3. Tabebuya (Tabebuia) - LC
4. Nangka (Artocarpus heterophyllus) - LC
5. Mahoni (Swietenia mahagoni) - NT
6. Telang (Clitoria ternatea) - LC"
2024,SH Upstream,SH Upstream,Region 4,,4.4,,4.4,no,,0.933,Rendah,,,"1. Melon Elysia (Cucumis melo) - LC
2. Melon Aruni (Cucumis melo) - LC"
2024,SH Upstream,SH Upstream,Region 4,PT Pertamina EP Asset 4 Field Poleng,7.09,,7.09,no,,,,,,"1. Kelengkeng (Dimocarpus longan) - DD
2. Sentigi (Pemphis acidula) - LC
3. Cemara Udang/ Laut (Casuarina equisetifolia) - LC
4. Mangrove (Rhizophora apiculata) - LC
5. Ketapang Laut (Terminalia catappa) - LC"
2024,SH Upstream,SH Upstream,Region 4,PT PHE - West Madura Offshore,68,,68,no,,3.28,Tinggi,"1. Belalang rumput (Oxya japonica) - LC
2. Belalang coklat (Phlaeoba fumosa) - LC
3. Belalang batu (Trilophidia sp) - LC
4. Belalang kayu (Valanga nigricornis) - LC
5. Bunglon kebun (Calotes versicolor) - LC
6. Tawon (Xylocopa latipes) - LC
7. Ngengat (Amata huebneri) - LC
8. Ngengat (Utetheisa lotrix) - LC
9. Kumbang koksi (Coccinella sp) - LC
10. Capung-jarum sawah (Ischnura senegalensis) - LC
11. Capung-jarum centil (Agriocnemis femina) - LC
12. Capung-jarum kepala kecil (Pseudagrion microcephalum) - LC
13. Ular air (Cerberus rynchops) - LC
14. Semut merah (Oecophylla smaragdina) - LC
15. Kupu-kupu (Borbo cinnara) - LC
16. Kupu-kupu (Taractrocera nigrolimbata) - LC
17. Kupu-kupu (Pelopidas conjunctus) - LC
18. Capung-tengger garis-hitam (Crocothemis servilia) - LC
19. Capung-tengger hijau (Diplacodes trivialis) - LC
20. Capung-sambar hijau (Orthetrum sabina) - LC
21. Kupu-kupu (Zizeeria karsandra) - LC
22. Kupu-kupu (Zizina otis) - LC
23. Kupu-kupu (Zizula hylax) - LC
24. Kupu-kupu (Acraea terpsicore) - LC
25. Kupu-kupu (Danaus affinis) - LC
26. Kupu-kupu (Danaus chrysippus) - LC
27. Kupu-kupu (Danaus genutia) - LC
28. Kupu-kupu (Delias periboea) - LC
29. Kupu-kupu (Junonia atlites) - LC
30. Kupu-kupu (Junonia orithya) - LC
31. Kupu-kupu (Neptis hylas) - LC
32. Kupu-kupu (Papilio polytes) - LC
33. Kupu-kupu (Appias lybithea) - LC
34. Kupu-kupu (Catopsilia pomona) - LC
35. Kupu-kupu (Eurema blanda) - LC
36. Kupu-kupu (Eurema hecabe) - LC
37. Kupu-kupu (Leptosia nina) - LC
38. Capung-hantu kaki-kuning (Copera marginipes) - LC
39. Belalang pucung (Atractomorpha crenulata) - LC
40. Bapak pucung (Dysdercus cingulatus) - LC
41. Kadal matahari (Eutropis multifasciata) - LC
42. Biawak (Varanus salvator) - LC
43. Ular cical (Lycodon capucinus) - LC",,"1.Gedangan (Aegiceras floridum) – NT
2.Tengar (Ceriops decandra) – NT
3.Sentigi (Pemphis Acidula) – LC
4.Bakau minyak (Rhizophora apiculate) – LC
5.Tanjang lanang (Rhizophore mucronate) – LC
6.Tanjang putih (Bruguiera cylindrica) - LC
7.Bakau kurap (Rhizophora stylosa) – LC
8.Perepat (Sonneratia alba) – LC
9.Gedangan (Aegiceras corniculatum) - LC
10.Tengar (Ceriops tagal) – LC
11.Api-api putih (Avicennia alba) – LC
12.Api api (Avicennia marina) -LC
13.Api api daun lebar (Avicennia officinalis) – LC
14.Teruntum (Lumnitzera racemosa) – LC
15.Kayu wuta (Excoecaria agallocha) – LC
16.Nyiri (Xylocarpus moluccesis) – LC
17.Bakau merah (Bruguiera gymnorrhiza) – LC
18.Cemara laut (Casuarina equisetifolioa) – LC
19.Teruntum (Lumnitzera racemosa) – LC
20.Alur (Sesuvium portulacastrum) – LC
21.Kambingan (Derris trifoliata) - LC"
2024,SH Upstream,SH Upstream,Region 4,,,,,no,,3.3,Tinggi,"1. Remetuk laut (Gerygone sulphurea) - LC
2. Raja-udang biru (Alcedo coerulescens) - LC
3. Cekakak sungai (Todirhampus chloris) - LC
4. Cekakak Australia (Todirhampus sanctus) - LC
5. Kapinis rumah (Apus nipalensis) - LC
6. Walet linchi (Collocalia linchi) - LC
7. Cangak besar (Ardea alba) - LC
8. Blekok sawah (Ardeola speciosa) - LC
9. Kokokan laut (Butorides striata) - LC
10. Kuntul kecil (Egretta garzetta) - LC
11. Kuntul perak (Egretta intermedia) - LC
12. Kekep babi (Artamus leucorhynchus) - LC
13. Kapasan kemiri (Lalage nigra) - LC
14. Kapasan sayap-putih (Lalage sueurii) - LC
15. Cinenen pisang (Orthotomus sutorius) - LC
16. Perenjak rawa (Prinia flaviventris) - LC
17. Perenjak padi (Prinia inornata) - LC
18. Merpati batu (Columba livia) - LC
19. Perkutut Jawa (Geopelia striata) - LC
20. Tekukur biasa (Streptopelia chinensis) - LC",,"1. Mangga (Mangifera indica) - DD
2. Sirsak (Annona muricata) - LC
3. Srikaya (Annona squamosa) - LC
4. Glodokan tiang (Polyalthia longifolia) - LC
5. Palm (Areca macrocalyx) - LC
6. Palem botol (Hyophorbe lagenicaulis) - CR
7. Palem kipas (Livistona rotundifolia) - LC
8. Palem waregu (Rhapis excelsa) - LC
9. Palem putri (Adonidia merillii) - LC
10. Kelapa (Cocos nucifera) - LC
11. Palem kuning (Dypsis lutescens) - NT
12. Palem phoenix (Phoenix robelinii) - LC
13. Tabebuia (Tabebuia aurea) - LC
14. Purnamasada (Cordia subcordata) - LC
15. Cemara laut (Casuarina equisetifolia) - LC
16. Cemara kipas (Thuja orientalis) - NT
17. Pakis (Cycas sp) - EN
18. Kersen (Muntingia calabura) - LC
19. Akasia (Acacia auriculiformis) - LC
20. Trembesi (Samanea saman) - LC
21. Angsana kembang (Pterocarpus indicus) - EN
22. Lamtoro (Leucaena leucocephala) - LC
23. Mimba (Azadirachta indica) - LC
24. Mahoni (Swietenia macrophylla) - EN
25. Nangka (Artocarpus heterophyllus) - LC
26. Serut (Streblus asper) - LC
27. Beringin (Ficus benjamina) - LC
28. Beringin dolar (Ficus sp) - LC
29. Beringin putih (Ficus variegata) - LC
30. Jambu biji (Psidium guajava) - LC
31. Jambu air (Syzygium aqueum) - LC
32. Duwet hitam (Syzygium cumini) - LC
33. Belimbing buah (Averrhoa carambola) - DD
34. Pandan kipas (Pandanus utilis) - LC
35. Cermai (Phyllanthus acidus) - LC
36. Mengkudu (Morinda citrifolia) - LC
37. Kiara payung (Filicium decipiens) - LC
38. Sawo kecik (Manilkara kauki) - DD
39. Gamal (Gliricidia sepium) - LC"
2024,SH Upstream,SH Upstream,Region 4,,,,,no,,3.423,Tinggi,,91,
2024,SH Upstream,SH Upstream,Region 4,,,,,no,,,,"1. Karang Api (Acropora millepora) - NT
2. Acropora hyacinthus - NT
3. Porites Cylindrica - NT
4. Sinularia spp - NT",1200,
2024,SH Upstream,SH Upstream,Region 4,,,,,no,,2.785,Sedang,,,"1. Mangga (Mangifera indica) - DD
2. Sirsak (Annona muricata) - LC
3. Srikaya (Annona squamosa) - LC
4. Glodokan tiang (Polyalthia longifolia) - LC
5. Palm (Areca macrocalyx) - LC
6. Palem botol (Hyophorbe lagenicaulis) - CR
7. Palem kipas (Livistona rotundifolia) - LC
8. Palem waregu (Rhapis excelsa) - LC
9. Palem putri (Adonidia merillii) - LC
10. Kelapa (Cocos nucifera) - LC
11. Palem kuning (Dypsis lutescens) - NT
12. Palem phoenix (Phoenix robelinii) - LC
13. Tabebuia (Tabebuia aurea) - LC
14. Purnamasada (Cordia subcordata) - LC
15. Cemara laut (Casuarina equisetifolia) - LC
16. Cemara kipas (Thuja orientalis) - NT
17. Pakis (Cycas sp) - EN
18. Kersen (Muntingia calabura) - LC
19. Akasia (Acacia auriculiformis) - LC
20. Trembesi (Samanea saman) - LC
21. Angsana kembang (Pterocarpus indicus) - EN
22. Lamtoro (Leucaena leucocephala) - LC
23. Mimba (Azadirachta indica) - LC
24. Mahoni (Swietenia macrophylla) - EN
25. Nangka (Artocarpus heterophyllus) - LC
26. Serut (Streblus asper) - LC
27. Beringin (Ficus benjamina) - LC
28. Beringin dolar (Ficus sp) - LC
29. Beringin putih (Ficus variegata) - LC
30. Jambu biji (Psidium guajava) - LC
31. Jambu air (Syzygium aqueum) - LC
32. Duwet hitam (Syzygium cumini) - LC
33. Belimbing buah (Averrhoa carambola) - DD
34. Pandan kipas (Pandanus utilis) - LC
35. Cermai (Phyllanthus acidus) - LC
36. Mengkudu (Morinda citrifolia) - LC
37. Kiara payung (Filicium decipiens) - LC
38. Sawo kecik (Manilkara kauki) - DD
39. Gamal (Gliricidia sepium) - LC
40. Waru Laut (Thespesia populnea) - LC
41. Cemara Laut (Casuarina equisetifolia) - LC
42. Putut (Bruguiera gymnorhiza) - LC"
2024,SH Upstream,SH Upstream,Region 4,,,,,no,,2.77,Sedang,"1. Gelatik Jawa (Java sparrow) - EN
2. Kucing Hutan (Prionailurus bengalensis) - LC
3. Monyet Ekor Panjang (Macaca fascicularis) - EN
4. Biawak Air (Varanus salvator) - LC
5. Raja-Udang Biru (Alcedo coerulescens) - LC
6. Raju Udang Meninting (Alcedo meninting) - LC
7. Cekakak Sungai (Todiramphus chloris) - LC
8. Cekakak Suci (Todiramphus sanctus) - LC
9. Cinenen Pisang (Orthotomus sutorius) - LC
10. Belalang rumput (Oxya japonica) - LC
11. Bunglon kebun (Calotes versicolor) - LC
12. Tawon (Xylocopa latipes) - LC
13. Ngengat (Amata huebneri) - LC
14. Kumbang koksi (Coccinella sp) - LC
15. Capung-jarum sawah (Ischnura senegalensis) - LC
16. Ular air (Cerberus rynchops) - LC
17. Semut merah (Oecophylla smaragdina) - LC
18. Kupu-kupu (Borbo cinnara) - LC
19. Capung-tengger garis-hitam (Crocothemis servilia) - LC
20. Kupu-kupu (Zizina otis) - LC
21. Kupu-kupu (Danaus chrysippus) - LC
22. Capung-hantu kaki-kuning (Copera marginipes) - LC
23. Kadal matahari (Eutropis multifasciata) - LC
24. Bapak pucung (Dysdercus cingulatus) - LC
25. Kadal matahari (Eutropis multifasciata) - LC
26. Remetuk laut (Gerygone sulphurea) - LC
27. Raja-udang biru (Alcedo coerulescens) - LC
28. Cekakak Australia (Todirhampus sanctus) - LC
29. Kapinis rumah (Apus nipalensis) - LC
30. Walet linchi (Collocalia linchi) - LC
31. Cangak besar (Ardea alba) - LC
32. Blekok sawah (Ardeola speciosa) - LC
33. Kokokan laut (Butorides striata) - LC
34. Kuntul kecil (Egretta garzetta) - LC
35. Kuntul perak (Egretta intermedia) - LC
36. Kekep babi (Artamus leucorhynchus) - LC
37. Kapasan kemiri (Lalage nigra) - LC
38. Kapasan sayap-putih (Lalage sueurii) - LC
39. Cinenen pisang (Orthotomus sutorius) - LC
40. Perenjak rawa (Prinia flaviventris) - LC
41. Perenjak padi (Prinia inornata) - LC
42. Merpati batu (Columba livia) - LC
43. Perkutut Jawa (Geopelia striata) - LC",45,"1. Bakau hitam (Rhizophora mucronata) - LC
2. Bakau minyak (Rhizophora apiculata) - LC
3. Api-api putih (Avicennia marina) - LC
4. Api-api hitam (Avicennia alba) - LC
5. Waru laut (Thespesia populnea) - LC
6. Cemara laut (Casuarina equisetifolia) - LC
7. Putut (Bruguiera gymnorhiza) - LC
8. Soga tingi (Ceriops tagal) - LC
9. Tenggadai (Ceriops decandra) - NT
9. Bakau tanjang (Rizhopora mucronata) - LC
10. Bakar merah (Rhizopora stylosa) - LC
11. Bakau lindur (Bruguiera gymnorrhiza) - LC
12. Waru laut (Thespesia populnea) - LC
13. Cemara laut (Casuarina equisetifolia) - LC
14. Pepaya california (Carica papaya) - DD
15. Mahoni (Swietenia mahagoni) - NT
16. Trembesi (Samanea saman) - LC
17. Rambutan (Nephelium lappaceum) - LC
18. Durian (Durio zibethinus) - DD
19. Tabebuya (Tabebuia rosea) - LC
20. Mangga (Mangifera indica) - DD
21. Kelengkeng (Dimocarpus longan) - DD
22. Jeruk (Citrus limon) - LC
23. Buah naga (Hylocereus costaricensis) - LC
24. Daun ungu (Graptophyllum pictum) - LC
25. Melati jepang (Pseuderanthemum carruthersii) - LC
26. Ceplikan (Ruellia tuberosa) - LC
27. Agave (Agave americana) - LC
28. Agave (Agave attenuata) - LC
29. Yuka (Yucca aloifolia) - DD
30. Alur (Sesuvium portulacastrum) - LC
31. Bakung air mancur (Hymenocallis littoralis) - NE
32. Terang bulan (Aegopodium podagraria) - NE
33. Adenium (Adenium obesum) - LC
34. Widuri (Calotropis gigantea) - NE
35. Kamboja (Plumeria sp) - NE
36. Melati Thailand (Wrightia antidysenterica) - LC
37. Sri rejeki (Aglaonema crispum) - LC
38. Janda Bolong (Monstera obliqua) - LC
39. Beras wutah (Dieffenbachia amoena) - LC
40. Cakra cikri (Polyscias fruticosa) - LC
41. Wali songo (Schefflera arboricola) - LC
42. Lili Paris (Chlorophytum comosum) - LC
43. Hanjuang merah (Cordyline terminalis) - LC
44. Pandan Bali (Dracaena draco) - EN
45. Drasena (Dracaena fragrans) - LC
46. Tricolor (Dracaena marginata) - LC
47. Pleomele (Dracaena reflexa) - LC
48. Lidah buaya (Aloe vera) - LC
49. Gletang (Tridax procumbens) - LC
50. Daun Afrika (Vernonia amygdalina) - LC
51. Beluntas (Pluchea indica) - LC
52. Seruni laut (Wedelia biflora) - LC
53. Purnamasada (Cordia subcordata) - LC
54. Nanas hias (Ananas bracteatus) - LC
55. Kaktus centong (Opuntia elatior) - LC
56. Pepaya (Carica papaya) - DD
57. Rhoeo (Rhoeo sp) - LC
58. Zebrina (Zebrina pendula) - LC
59. Cemara kipas (Thuja orientalis) - NT
60. Gembili (Dioscorea spp) - LC
61. Kersen (Muntingia calabura) - LC
62. Teh-tehan (Acalypha siamensis) - LC
63. Puring (Codiaeum variegatum) - LC
64. Patikan kebo (Euphorbia hirta) - LC
65. Pohon Candelabra (Euphorbia ingens) - LC
66. Euphorbia (Euphorbia milii) - LC
67. Patah tulang (Euphorbia tirucalli) - LC
68. Petai Cina (Leucaena leucocephala) - LC
69. Asem Jawa (Tamarindus indicus) - LC
70. Iris (Neomarica longifolia) - LC
71. Iris kuning (Trimezia martinicensis) - LC
72. Serut (Malpighia coccigera) - LC
73. Semanggi (Marsilea crenata) - LC
74. Mimba (Azadirachta indica) - LC
75. Nangka (Artocarpus heterophyllus) - LC
76. Pisang (Musa acuminata) - LC
77. Pucuk merah (Syzygium oleina) - LC
78. Bougenvile (Bougainvillea sp) - LC
79. Sirih (Piper beetle) - LC
80. Paku tanduk rusa (Platycerium bifurcatum) - LC
81. Soka (Ixora javanica) - LC
82. Brokoli kuning (Euodia suaveolens) - LC
83. Gadung cina (Smilax spp) - LC
84. Tomat (Solanum lycopersicum) - LC
85. Terong (Solanum melongena) - LC
86. Daun pangkas (Duranta repens) - LC
87. Tembelekan (Lantana camara) - LC"
2024,SH Upstream,SH Upstream,Region 4,PT Pertamina EP Asset 4 Field Donggi Matindok,13.68,,13.68,no,,4.006,Tinggi,"1. Tarsius Paleng (Tarsius fuscus subsp. Pelengensis) -EN
2. Gagak Banggai (Corvus unicolor) - CR",54,"1. Labani (Vitex pubescens) - LC
2. Osa - LC
3. Meranti (Shorea sp) - LC"
2024,SH Upstream,SH Upstream,Region 4,JOB Pertamina Medco Tomori,98.5,13,111.5,no,,3.125,Tinggi,1. Maleo senkawor (Macrocephalon maleo) - CR,470,1. Pohon Bakau (Rhizophora mucronata - LC
2024,SH Upstream,SH Upstream,Region 4,PT Pertamina EP Asset 4 Field Papua,,76.6,76.6,no,,,,"1. Buaya Irian (Crocodylus novagunaeae) - LC
2. Buaya Muara (Crocodylus porosus) - LC
3. Burung Kasuari - LC",,"1. Asoka (Saraca asoca) - VU
2. Merbau (intsia bijuga) - LC
3. Agatis (Agathi dammara) - LC"
2024,SH Upstream,SH Upstream,Region 5,,,,,no,,,,,,
